"class","isscaap","order","family","genus","species","comm_name","fao","gentry","feed_group","feed_group_long","fcr","fm_perc","fo_perc","fmfo_perc","harvest_linf_prop","harvest_cm","harvest_g","harvest_yr","price_usd_mt_isscaap","price_usd_mt_spp","a","a_source","b","b_source","linf_cm","linf_source","k","k_source","sst_c_min_froehlich","sst_c_max_froehlich","sst_c_min","sst_c_q10","sst_c_q90","sst_c_max","sal_psu_min","sal_psu_q10","sal_psu_q90","sal_psu_max"
"Actinopterygii","Miscellaneous pelagic fishes","Perciformes","Coryphaenidae","Coryphaena","Coryphaena hippurus","Common dolphinfish",FALSE,TRUE,"Misc marine fish","Misc marine fish",1.6,8,3,11,0.52,75.2414779144517,2651.01189156029,0.586182994243074,8009.13204165863,NA,0.01782,"FB species-average",2.75652631578947,"FB species-average",144.695149835484,"FishLife",1.25211611781396,"FishLife",21,30,7.79,20.63,27.96,32.16,21.03,33.55,36.07,39.25
"Actinopterygii","Cods, hakes, haddocks","Gadiformes","Gadidae","Pollachius","Pollachius pollachius","Pollack",FALSE,TRUE,"Misc marine fish","Misc marine fish",1.6,8,3,11,0.52,40.880599678732,651.520700471841,3.56104710677728,3626.82492368162,NA,0.007724,"FB species-average",3.0568,"FB species-average",78.6165378437153,"FishLife",0.206110493085961,"FishLife",6.5,12.3,6.33,9.6,12.53,19.3,6.4,33.88,35.25,38.08
"Actinopterygii","River eels","Anguilliformes","Anguillidae","Anguilla","Anguilla anguilla","European eel",TRUE,TRUE,"Eel","Eel (Anguilla spp and others)",1.5,25,2,27,0.52,38.0414332536197,131.27747727238,5.02305128423292,16971.5513217617,12288.2586435234,0.00148104166666667,"FB species-average",3.13089791666667,"FB species-average",73.1566024108071,"FishLife",0.146120183439912,"FishLife",4,33,1.7,8.98,23.34,26,3.5,7.59,37.15,39.375
"Actinopterygii","Miscellaneous coastal fishes","Perciformes","Moronidae","Dicentrarchus","Dicentrarchus labrax","European seabass",TRUE,TRUE,"Misc marine fish","Misc marine fish",1.6,8,3,11,0.52,38.65237719535,718.419926392952,4.21126501696358,10328.0883076581,5824.28193210075,0.012041875,"FB species-average",3.00891875,"FB species-average",74.3314946064423,"FishLife",0.174287101885934,"FishLife",8,24,0.64,10.19,20,29.58,3.58,31.02,37.97,39.25
"Actinopterygii","Cods, hakes, haddocks","Gadiformes","Gadidae","Gadus","Gadus morhua","Atlantic cod",TRUE,TRUE,"Misc marine fish","Misc marine fish",1.6,8,3,11,0.52,55.0423834121164,1644.83797132234,4.35618258091991,3626.82492368162,3626.82492368162,0.0066725,"FB species-average",3.09751428571429,"FB species-average",105.850737330993,"FishLife",0.168489075342018,"FishLife",0,15,-0.57,4.15,12.15,19.38,3.58,27.18,35.12,39.76
"Actinopterygii","Miscellaneous pelagic fishes","Perciformes","Carangidae","Caranx","Caranx hippos","Crevalle jack",FALSE,TRUE,"Misc marine fish","Misc marine fish",1.6,8,3,11,0.52,26.4930463084254,302.159978444187,1.99550103124872,8009.13204165863,NA,0.02745,"FB species-average",2.84,"FB species-average",50.9481659777412,"FishLife",0.367811974830656,"FishLife",9.6,27.8,8.72,19.5,28.08,32.28,17.86,29.02,36.24,40.28
"Actinopterygii","Miscellaneous diadromous fishes","Gonorynchiformes","Chanidae","Chanos","Chanos chanos","Milkfish",TRUE,TRUE,"Milkfish","Milkfish (Chanos chanos)",1.6,1,0.5,1.5,0.52,26.2503986047849,139.182129488151,1.32935152495191,3260.64666341935,1545.15814022677,0.00795,"FB species-average",2.99,"FB species-average",50.4815357784325,"FishLife",0.55212572544102,"FishLife",15,42.5,13.27,21.09,29,33.2,25.97,32.22,35.73,38.86
"Actinopterygii","Miscellaneous pelagic fishes","Perciformes","Scombridae","Scomber","Scomber japonicus","Pacific chub mackerel",TRUE,FALSE,"Misc marine fish","Misc marine fish",1.6,8,3,11,0.52,22.8828915245348,173.945506741484,2.52920687816494,8009.13204165863,13779.018641832,0.00757923076923077,"FB species-average",3.20761538461538,"FB species-average",44.0055606241054,"FishLife",0.290197366382591,"FishLife",NA,NA,3.29,11.77,27.48,31.68,24.32,31.48,34.75,36.37
"Actinopterygii","Tunas, bonitos, billfishes","Perciformes","Scombridae","Thunnus","Thunnus albacares","Yellowfin tuna",TRUE,TRUE,"Tuna","Tuna",6,8,6,14,0.52,100.687736049689,16668.3634312913,2.24939989124928,14254.0684568261,6952.58965412036,0.03632,"FB species-average",2.82666666666667,"FB species-average",193.630261634018,"FishLife",0.326295550175636,"FishLife",15,31,2.39,19.21,28.34,32.54,4.31,33.84,36.26,39.01
"Actinopterygii","Tunas, bonitos, billfishes","Perciformes","Scombridae","Thunnus","Thunnus maccoyii","Southern bluefin tuna",TRUE,TRUE,"Tuna","Tuna",6,8,6,14,0.52,115.561165982426,27590.5991273025,4.81355365400404,14254.0684568261,13512.2475271964,0.0123725,"FB species-average",3.0775,"FB species-average",222.233011504666,"FishLife",0.152479691271264,"FishLife",5,30,0.17,9.25,23.35,30.13,28.98,34.18,35.7,37.65
"Actinopterygii","Tunas, bonitos, billfishes","Perciformes","Scombridae","Thunnus","Thunnus thynnus","Atlantic bluefin tuna",TRUE,TRUE,"Tuna","Tuna",6,8,6,14,0.52,182.574675440603,119115.057269292,7.49069359913453,14254.0684568261,16945.7092775066,0.0290314285714286,"FB species-average",2.92428571428571,"FB species-average",351.105145078083,"FishLife",0.0979841406361893,"FishLife",2.8,31,2.66,11.6,27.36,31.56,3.58,33.13,36.73,39.25
"Actinopterygii","Miscellaneous coastal fishes","Perciformes","Lutjanidae","Lutjanus","Lutjanus guttatus","Spotted rose snapper",TRUE,FALSE,"Misc marine fish","Misc marine fish",1.6,8,3,11,0.52,33.3517624211311,529.121566772514,3.44103542167159,10328.0883076581,4500,0.0226,"FB species-average",2.86875,"FB species-average",64.1380046560214,"FishLife",0.213298930449153,"FishLife",NA,NA,18.9,23.44,29,33.2,28.46,31.06,34.64,37.69
"Actinopterygii","Miscellaneous coastal fishes","Perciformes","Lutjanidae","Lutjanus","Lutjanus malabaricus","Malabar blood snapper",TRUE,FALSE,"Misc marine fish","Misc marine fish",1.6,8,3,11,0.52,42.5391972467063,1165.34430001208,3.75728710971168,10328.0883076581,6619.09090909091,0.01658,"FB species-average",2.97575,"FB species-average",81.8061485513582,"FishLife",0.195345512240219,"FishLife",NA,NA,21.33,25.25,28.84,33.04,20.55,32.16,35.3,38.65
"Actinopterygii","Miscellaneous coastal fishes","Perciformes","Lutjanidae","Lutjanus","Lutjanus russellii","Russell's snapper",TRUE,TRUE,"Misc marine fish","Misc marine fish",1.6,8,3,11,0.52,30.3880821063143,421.39840445238,3.15659808180705,10328.0883076581,11218.9512820513,0.0131166666666667,"FB species-average",3.03963,"FB species-average",58.4386194352198,"FishLife",0.232519046156179,"FishLife",23.3,26.4,19.72,24.13,29.21,33.41,21.09,31.28,35.45,38.83
"Actinopterygii","Miscellaneous coastal fishes","Perciformes","Lutjanidae","Lutjanus","Lutjanus sebae","Emperor red snapper",TRUE,FALSE,"Misc marine fish","Misc marine fish",1.6,8,3,11,0.52,44.2774003743746,1546.5565140906,3.95801013924473,10328.0883076581,9733.33333333333,0.0129033333333333,"FB species-average",3.08511666666667,"FB species-average",85.1488468737973,"FishLife",0.185438932508712,"FishLife",NA,NA,20.37,24.61,28.94,33.14,21.09,32.13,35.38,38.82
"Actinopterygii","Salmons, trouts, smelts","Salmoniformes","Salmonidae","Coregonus","Coregonus lavaretus","European whitefish",TRUE,TRUE,"Salmon","Salmon",1.3,8,6,14,0.52,19.7338249400395,81.4669574497901,2.43416181857601,7836.05210793861,9764.13596829521,0.00927333333333333,"FB species-average",3.04486666666667,"FB species-average",37.9496633462298,"FishLife",0.301528505409543,"FishLife",4,29.8,1.18,6.22,10.76,18.53,3.56,5.63,34.97,38.07
"Actinopterygii","Salmons, trouts, smelts","Salmoniformes","Salmonidae","Salmo","Salmo salar","Atlantic salmon",TRUE,TRUE,"Salmon","Salmon",1.3,8,6,14,0.52,70.64668734522,3647.48314895821,2.57543958332715,7836.05210793861,6193.03124831272,0.01072,"FB species-average",2.99163,"FB species-average",135.859014125423,"FishLife",0.284987921996603,"FishLife",2,28,-0.82,2.17,11.57,20.23,0,0,35.15,37.88
"Actinopterygii","Salmons, trouts, smelts","Salmoniformes","Salmonidae","Salmo","Salmo trutta","Sea trout",TRUE,TRUE,"Salmon","Salmon",1.3,8,6,14,0.52,27.5755371276338,223.406945400121,2.95485062022846,7836.05210793861,8248.10680170363,0.00706272727272727,"FB species-average",3.12394954545455,"FB species-average",53.0298790916034,"FishLife",0.248394680277764,"FishLife",0,24,1.18,6.9,14,21.17,3.56,6.46,35.72,39.11
"Actinopterygii","Salmons, trouts, smelts","Salmoniformes","Salmonidae","Oncorhynchus","Oncorhynchus mykiss","Rainbow trout",TRUE,TRUE,"Salmon","Salmon",1.3,8,6,14,0.52,29.8798896949893,377.498301458107,1.55691479219219,7836.05210793861,6411.4021118431,0.01265,"FB species-average",3.033,"FB species-average",57.4613263365179,"FishLife",0.471425397690998,"FishLife",0,29,0.775,5.4,15.43,23.92,29.5,30.27,33.47,38.04
"Actinopterygii","Salmons, trouts, smelts","Salmoniformes","Salmonidae","Oncorhynchus","Oncorhynchus gorbuscha","Pink salmon",FALSE,TRUE,"Salmon","Salmon",1.3,8,6,14,0.52,38.5163149526834,2606.69861947529,1.94953069443961,7836.05210793861,NA,0.02198,"FB species-average",3.2,"FB species-average",74.069836447468,"FishLife",0.376485057236393,"FishLife",0.3,21,-1.79,3.88,10.68,19.95,19.4,31.17,32.88,35.06
"Actinopterygii","Salmons, trouts, smelts","Salmoniformes","Salmonidae","Oncorhynchus","Oncorhynchus keta","Chum salmon",FALSE,TRUE,"Salmon","Salmon",1.3,8,6,14,0.52,54.6069356175933,4356.81961474242,2.1335518800672,7836.05210793861,NA,0.017935,"FB species-average",3.1,"FB species-average",105.013337726141,"FishLife",0.344012808845822,"FishLife",0,23.7,-0.33,3.26,10.44,20.48,28.76,31.44,32.88,34.43
"Actinopterygii","Salmons, trouts, smelts","Salmoniformes","Salmonidae","Oncorhynchus","Oncorhynchus nerka","Sockeye salmon",FALSE,TRUE,"Salmon","Salmon",1.3,8,6,14,0.52,41.7730332522893,1267.25125537649,1.90363859854475,7836.05210793861,NA,0.017385,"FB species-average",3,"FB species-average",80.3327562544025,"FishLife",0.385561196143684,"FishLife",0,24.9,0,4.6,10.69,24.9,30.22,31.29,32.75,34.06
"Actinopterygii","Salmons, trouts, smelts","Salmoniformes","Salmonidae","Oncorhynchus","Oncorhynchus tshawytscha","Chinook(=Spring=King) salmon",TRUE,TRUE,"Salmon","Salmon",1.3,8,6,14,0.52,38.5163149526834,761.665592835249,1.94953069443961,7836.05210793861,10959.16148458,0.01333,"FB species-average",3,"FB species-average",74.069836447468,"FishLife",0.376485057236393,"FishLife",0,24.9,-1.75,3.69,10.78,19.95,28.76,31.29,32.88,34.2
"Actinopterygii","Salmons, trouts, smelts","Salmoniformes","Salmonidae","Oncorhynchus","Oncorhynchus kisutch","Coho(=Silver) salmon",TRUE,TRUE,"Salmon","Salmon",1.3,8,6,14,0.52,43.6919662616381,934.163278847268,1.62869290126045,7836.05210793861,5412.98621862352,0.0112,"FB species-average",3,"FB species-average",84.0230120416117,"FishLife",0.450649213557803,"FishLife",0,24.8,-1.75,4.63,11.38,26.81,28.76,31.04,32.75,34.79
"Actinopterygii","Salmons, trouts, smelts","Salmoniformes","Salmonidae","Salvelinus","Salvelinus fontinalis","Brook trout",FALSE,TRUE,"Trout","Trout",1.3,8,4,12,0.52,16.7954050553735,54.0339187366862,2.81464187920252,7836.05210793861,NA,0.010447,"FB species-average",3.0311,"FB species-average",32.2988558757182,"FishLife",0.260768227923958,"FishLife",0,25,-0.92,1.31,10.91,12.66,28.9,29.5,32.47,33.98
"Actinopterygii","Salmons, trouts, smelts","Salmoniformes","Salmonidae","Salvelinus","Salvelinus alpinus","Arctic char",TRUE,TRUE,"Trout","Trout",1.3,8,4,12,0.52,32.032,204.707031052091,13.3448940923673,7836.05210793861,7863.54092221211,0.00912,"FB species-average",2.89,"FB species-average",61.6,"FB species-average",0.055,"FB species-average",4,22,-1.45,-0.47,10.23,21.27,3.92,24.2,34.41,40.22
"Actinopterygii","Miscellaneous coastal fishes","Perciformes","Lutjanidae","Lutjanus","Lutjanus johnii","John's snapper",TRUE,TRUE,"Misc marine fish","Misc marine fish",1.6,8,3,11,0.52,39.3922133893911,1039.55295045508,3.77078714344111,10328.0883076581,5677.4903701572,0.0286,"FB species-average",2.8585,"FB species-average",75.7542565180598,"FishLife",0.194646143407183,"FishLife",20.8,26.8,21.47,25.69,29.21,33.41,17.92,29.87,35.37,38.86
"Actinopterygii","River eels","Anguilliformes","Anguillidae","Anguilla","Anguilla japonica","Japanese eel",TRUE,FALSE,"Eel","Eel (Anguilla spp and others)",1.5,25,2,27,0.52,48.0237664515229,291.857338324321,7.13118732600754,16971.5513217617,21654.844,0.00149794520547945,"FB genus-average",3.14588904109589,"FB genus-average",92.3533970221595,"FishLife",0.102923838840049,"FishLife",NA,NA,8.35,17.73,28.83,33.03,13.61,30.35,34.56,36.3
"Actinopterygii","River eels","Anguilliformes","Anguillidae","Anguilla","Anguilla rostrata","American eel",FALSE,TRUE,"Eel","Eel (Anguilla spp and others)",1.5,25,2,27,0.52,46.6203978264409,228.837038076689,6.39081925147019,16971.5513217617,NA,0.00132111111111111,"FB species-average",3.13955555555556,"FB species-average",89.6546112046941,"FishLife",0.114847431322886,"FishLife",4,25,2.56,8.06,27.83,32.03,18.94,28.55,36.55,37.09
"Actinopterygii","Miscellaneous demersal fishes","Anguilliformes","Muraenesocidae","Muraenesox","Muraenesox cinereus","Daggertooth pike conger",FALSE,TRUE,"Misc marine fish","Misc marine fish",1.6,8,3,11,0.52,39.8777016643221,79.8841162004374,3.94680650781495,7607.5308797161,NA,0.002164,"FB family-average",2.8532,"FB family-average",76.6878878160041,"FishLife",0.185965330103437,"FishLife",10,27.9,13.27,18.4,29.17,33.37,11.83,28.28,36.75,39.37
"Actinopterygii","Miscellaneous coastal fishes","Perciformes","Polynemidae","Eleutheronema","Eleutheronema tetradactylum","Fourfinger threadfin",TRUE,TRUE,"Misc marine fish","Misc marine fish",1.6,8,3,11,0.52,23.9774919317515,104.287961775194,1.75490151959555,10328.0883076581,6929.95605795139,0.00673333333333333,"FB species-average",3.03666666666667,"FB species-average",46.1105614072144,"FishLife",0.418239523349069,"FishLife",27.6,27.7,18.1,24.64,29.12,33.32,14.99,28.74,35.47,38.69
"Actinopterygii","Miscellaneous coastal fishes","Perciformes","Centropomidae","Centropomus","Centropomus undecimalis","Common snook",FALSE,TRUE,"Misc marine fish","Misc marine fish",1.6,8,3,11,0.52,33.9733753650908,309.983596534594,2.00431590286137,10328.0883076581,NA,0.00957285714285714,"FB species-average",2.94571428571429,"FB species-average",65.3334141636361,"FishLife",0.366194357901557,"FishLife",25,31,17.03,23.93,28.24,32.44,7.84,32.72,36.33,38.16
"Actinopterygii","Miscellaneous diadromous fishes","Perciformes","Latidae","Lates","Lates calcarifer","Barramundi(=Giant seaperch)",TRUE,TRUE,"Misc freshwater fish","Misc freshwater fish",1.7,15,2,17,0.52,57.0737492656926,2554.4882104715,3.49922056998934,3260.64666341935,4383.97742418771,0.01515,"FB species-average",2.97585,"FB species-average",109.757210126332,"FishLife",0.209752189208935,"FishLife",15,38,18.4,24.95,28.89,33.09,14.69,30.58,35.35,36.79
"Actinopterygii","Miscellaneous diadromous fishes","Perciformes","Moronidae","Morone","Morone saxatilis","Striped bass",TRUE,TRUE,"Misc freshwater fish","Misc freshwater fish",1.7,15,2,17,0.52,53.2615054239445,1490.2625457802,4.05055324488424,3260.64666341935,3852.80442584358,0.00677,"FB species-average",3.09466666666667,"FB species-average",102.425971969124,"FishLife",0.18120220392293,"FishLife",6.4,25,5.78,8.24,23.84,26.81,18.28,22.23,35.02,36.45
"Actinopterygii","Miscellaneous pelagic fishes","Perciformes","Pomatomidae","Pomatomus","Pomatomus saltatrix","Bluefish",FALSE,TRUE,"Misc marine fish","Misc marine fish",1.6,8,3,11,0.52,51.9239736868415,1697.30416258441,3.95780253539875,8009.13204165863,NA,0.01608625,"FB species-average",2.9284125,"FB species-average",99.8537955516183,"FishLife",0.185448659582066,"FishLife",6.1,27.4,3.91,14.04,27.44,31.64,13.03,29.75,36.53,40.53
"Actinopterygii","Miscellaneous pelagic fishes","Perciformes","Carangidae","Trachurus","Trachurus japonicus","Japanese jack mackerel",TRUE,TRUE,"Misc marine fish","Misc marine fish",1.6,8,3,11,0.52,26.9170806106412,155.209926214045,2.43024441532209,8009.13204165863,9479.65924613298,0.008225,"FB species-average",2.99,"FB species-average",51.7636165589253,"FishLife",0.302014550657006,"FishLife",10,29,11.35,13.7,23.54,26.73,33,33.66,34.66,35.28
"Actinopterygii","Miscellaneous pelagic fishes","Perciformes","Carangidae","Trachinotus","Trachinotus carolinus","Florida pompano",TRUE,TRUE,"Misc marine fish","Misc marine fish",1.6,8,3,11,0.52,24.3635961281864,75.2961918731268,1.68692167562592,8009.13204165863,7399.67417443561,0.02156,"FB species-average",2.555,"FB species-average",46.8530694772816,"FishLife",0.435093807664701,"FishLife",13.2,25.9,10.91,21.1,27.69,31.89,31.28,32.7,36.22,38.72
"Actinopterygii","Miscellaneous pelagic fishes","Perciformes","Carangidae","Seriola","Seriola quinqueradiata","Japanese amberjack",TRUE,TRUE,"Misc marine fish","Misc marine fish",1.6,8,3,11,0.52,61.7549062451547,1917.07368156145,2.63559614897619,8009.13204165863,7708.22139217948,0.00814,"FB species-average",3,"FB species-average",118.759435086836,"FishLife",0.27848317177323,"FishLife",18,29,7.42,13.33,24.41,25.41,32.6,33.58,34.59,35.68
"Actinopterygii","Miscellaneous pelagic fishes","Perciformes","Carangidae","Seriola","Seriola lalandi","Yellowtail amberjack",TRUE,FALSE,"Misc marine fish","Misc marine fish",1.6,8,3,11,0.52,62.5239229323961,3014.01582738855,3.49240853099052,8009.13204165863,10019.745,0.0321433333333333,"FB species-average",2.76833333333333,"FB species-average",120.238313331531,"FishLife",0.210161316629252,"FishLife",NA,NA,9.33,17.9,27.94,32.14,29.5,33.5,35.6,38.63
"Actinopterygii","Miscellaneous coastal fishes","Perciformes","Moronidae","Dicentrarchus","Dicentrarchus punctatus","Spotted seabass",TRUE,TRUE,"Misc marine fish","Misc marine fish",1.6,8,3,11,0.52,31.047593712651,320.392247325293,4.65294724910393,10328.0883076581,3036.81558100668,0.00364,"FB species-average",3.314,"FB species-average",59.7069109858673,"FishLife",0.157742853246735,"FishLife",10.5,23.5,8.27,15.11,24.68,25.45,29.27,33.57,38.59,39.21
"Actinopterygii","Miscellaneous coastal fishes","Perciformes","Sciaenidae","Argyrosomus","Argyrosomus regius","Meagre",TRUE,TRUE,"Misc marine fish","Misc marine fish",1.6,8,3,11,0.52,70.9642745079502,3659.52009121054,5.82170797014872,10328.0883076581,3941.23237851944,0.01949,"FB species-average",2.849,"FB species-average",136.469758669135,"FishLife",0.126074543560702,"FishLife",11.9,23,5.66,12.66,27.63,31.83,5.21,27.97,38.54,39.93
"Actinopterygii","Miscellaneous coastal fishes","Perciformes","Sciaenidae","Larimichthys","Larimichthys crocea","Large yellow croaker",TRUE,TRUE,"Misc marine fish","Misc marine fish",1.6,8,3,11,0.52,21.3675198229173,183.684988469966,2.10654740630006,10328.0883076581,2143.6,0.02695,"FB genus-average",2.882875,"FB genus-average",41.091384274841,"FishLife",0.348422813977561,"FishLife",9,30,14.65,18.4,26.63,30.83,24.32,28.14,33.63,37.13
"Actinopterygii","Miscellaneous coastal fishes","Perciformes","Sparidae","Dentex","Dentex dentex","Common dentex",TRUE,TRUE,"Misc marine fish","Misc marine fish",1.6,8,3,11,0.52,44.5317739943481,1935.11456409771,6.83624934744785,10328.0883076581,10137.5594672742,0.0238666666666667,"FB species-average",2.9775,"FB species-average",85.6380269122078,"FishLife",0.107364307206584,"FishLife",9.7,17.6,10.13,16.03,22.45,25.16,15.57,34.95,38.76,40.19
"Actinopterygii","Miscellaneous coastal fishes","Perciformes","Sparidae","Pagrus","Pagrus major","Japanese seabream",TRUE,TRUE,"Misc marine fish","Misc marine fish",1.6,8,3,11,0.52,35.7117428589389,427.676875651111,4.86052782466254,10328.0883076581,9474.36226627081,0.0128933333333333,"FB species-average",2.91133333333333,"FB species-average",68.6764285748825,"FishLife",0.151006063859157,"FishLife",7.7,22,15.84,21.08,26.88,31.08,30.7,33.56,34.56,35.27
"Actinopterygii","Miscellaneous coastal fishes","Scorpaeniformes","Hexagrammidae","Pleurogrammus","Pleurogrammus azonus","Okhotsk atka mackerel",FALSE,TRUE,"Misc marine fish","Misc marine fish",1.6,8,3,11,0.52,19.1297989207805,96.5426367241981,1.93479941911534,10328.0883076581,NA,0.00904357142857143,"FB family-average",3.14297142857143,"FB family-average",36.7880748476549,"FishLife",0.379351558527858,"FishLife",10,29,0.7,5.9,20.45,29.1,32.4,32.9,34.43,34.93
"Actinopterygii","Miscellaneous demersal fishes","Scorpaeniformes","Anoplopomatidae","Anoplopoma","Anoplopoma fimbria","Sablefish ",FALSE,TRUE,"Misc marine fish","Misc marine fish",1.6,8,3,11,0.52,38.6202097919962,619.685648557604,3.44582896998623,7607.5308797161,NA,0.00357,"FB species-average",3.3019,"FB species-average",74.2696342153773,"FishLife",0.213002206863196,"FishLife",1.8,14.6,2.28,4.72,12.85,20.56,24.18,30.34,32.86,34.16
"Actinopterygii","Flounders, halibuts, soles","Pleuronectiformes","Pleuronectidae","Pseudopleuronectes","Pseudopleuronectes americanus","Winter flounder",FALSE,TRUE,"Misc marine fish","Misc marine fish",1.6,8,3,11,0.52,24.5903801637923,316.719885839252,2.32664115403842,11202.8964431238,NA,0.0213,"FB species-average",3,"FB species-average",47.2891926226775,"FishLife",0.315462989987188,"FishLife",0.8,23.9,0.67,4.47,27.48,29.35,29.32,29.94,32.12,35.97
"Actinopterygii","Flounders, halibuts, soles","Pleuronectiformes","Soleidae","Solea","Solea solea","Common sole",TRUE,TRUE,"Misc marine fish","Misc marine fish",1.6,8,3,11,0.52,18.8446870368371,67.4746112302009,2.26545224668972,11202.8964431238,12999.0637629499,0.00725,"FB species-average",3.112325,"FB species-average",36.2397827631482,"FishLife",0.323983511968825,"FishLife",5.7,27,6.965,9.76,18.98,25,7.59,33.43,37.81,39.09
"Actinopterygii","Miscellaneous coastal fishes","Mugiliformes","Mugilidae","Mugil","Mugil cephalus","Flathead grey mullet",TRUE,TRUE,"Misc marine fish","Misc marine fish",1.6,8,3,11,0.52,31.0421245325873,387.62377416676,2.96612018669036,10328.0883076581,3928.02521125657,0.0163917391304348,"FB species-average",2.93158695652174,"FB species-average",59.6963933318987,"FishLife",0.247450922040746,"FishLife",8,24,2.66,15.81,27.83,32.03,15.57,31.11,36.75,39.25
"Actinopterygii","Miscellaneous coastal fishes","Perciformes","Sparidae","Pagellus","Pagellus bogaraveo","Blackspot(=red) seabream",TRUE,TRUE,"Misc marine fish","Misc marine fish",1.6,8,3,11,0.52,27.8801801602497,317.945968303522,5.38889251483999,10328.0883076581,10460.0242512685,0.0135327272727273,"FB species-average",3.02427272727273,"FB species-average",53.6157310774032,"FishLife",0.136200373835438,"FishLife",9.8,19.7,6.2,10.71,20.2,27.04,19.62,34.59,37.88,38.38
"Actinopterygii","Miscellaneous coastal fishes","Perciformes","Sparidae","Pagellus","Pagellus erythrinus","Common pandora",TRUE,TRUE,"Misc marine fish","Misc marine fish",1.6,8,3,11,0.52,19.6757281173935,97.8274684479509,3.84407917079071,10328.0883076581,7433.54248366013,0.0144568181818182,"FB species-average",2.96027272727273,"FB species-average",37.8379386872952,"FishLife",0.19093497882595,"FishLife",7.1,20.2,9.68,14.62,21.27,26.05,16.77,34.93,38.84,39.97
"Actinopterygii","Miscellaneous pelagic fishes","Perciformes","Carangidae","Pseudocaranx","Pseudocaranx dentex","White trevally",TRUE,TRUE,"Misc marine fish","Misc marine fish",1.6,8,3,11,0.52,25.8416622273825,231.553533222245,3.10407825244993,8009.13204165863,13455.6068569377,0.014555,"FB species-average",2.97499,"FB species-average",49.6955042834279,"FishLife",0.236453180425109,"FishLife",13.3,26.3,6.81,15.1,24.72,28.85,33.72,34.9,36.49,39.31
"Actinopterygii","Miscellaneous pelagic fishes","Perciformes","Carangidae","Seriola","Seriola dumerili","Greater amberjack",TRUE,TRUE,"Misc marine fish","Misc marine fish",1.6,8,3,11,0.52,77.8329224349654,5660.65257661082,3.12832789715839,8009.13204165863,9224.49546485261,0.018784,"FB species-average",2.8972,"FB species-average",149.678696990318,"FishLife",0.234620282530773,"FishLife",3.2,26.8,7.1,18.95,28.18,32.38,29.54,33.25,37.34,39.65
"Actinopterygii","Miscellaneous pelagic fishes","Perciformes","Carangidae","Seriola","Seriola rivoliana","Longfin yellowtail",TRUE,TRUE,"Misc marine fish","Misc marine fish",1.6,8,3,11,0.52,50.8035662041474,1414.30994954408,2.5619581115632,8009.13204165863,6000,0.008405,"FB species-average",3.0635,"FB species-average",97.6991657772065,"FishLife",0.28648757829704,"FishLife",18,26.9,11.37,24.1,27.94,32.14,27.5,33.48,35.53,39.2
"Actinopterygii","Miscellaneous pelagic fishes","Perciformes","Carangidae","Trachinotus","Trachinotus goodei","Great pompano",FALSE,TRUE,"Misc marine fish","Misc marine fish",1.6,8,3,11,0.52,24.3635961281864,214.319555757277,1.68692167562592,8009.13204165863,NA,0.017385,"FB species-average",2.95,"FB species-average",46.8530694772816,"FishLife",0.435093807664701,"FishLife",12,34,10.91,23.23,27.99,32.19,31.28,34.06,36.47,37.65
"Actinopterygii","Miscellaneous coastal fishes","Perciformes","Ephippidae","Chaetodipterus","Chaetodipterus faber","Atlantic spadefish",FALSE,TRUE,"Misc marine fish","Misc marine fish",1.6,8,3,11,0.52,24.7791877760702,428.001184467155,2.15688334583165,10328.0883076581,NA,0.04175,"FB species-average",2.877,"FB species-average",47.6522841847503,"FishLife",0.340291549145973,"FishLife",2.5,28,12.2,22.24,28.17,32.37,7.84,29.04,36.3,40.39
"Actinopterygii","Miscellaneous coastal fishes","Elopiformes","Megalopidae","Megalops","Megalops atlanticus","Tarpon",FALSE,TRUE,"Misc marine fish","Misc marine fish",1.6,8,3,11,0.52,88.8176070507102,3727.42433832515,7.77525952591962,10328.0883076581,NA,0.00532,"FB species-average",3,"FB species-average",170.803090482135,"FishLife",0.0943980291118823,"FishLife",4.3,27.5,2.66,22,28.12,32.32,7.84,30.08,36.19,39.9
"Actinopterygii","Miscellaneous coastal fishes","Mugiliformes","Mugilidae","Mugil","Mugil curema","White mullet",FALSE,TRUE,"Misc marine fish","Misc marine fish",1.6,8,3,11,0.52,22.2264564281025,112.660016676297,2.1678076999996,10328.0883076581,NA,0.0129333333333333,"FB species-average",2.92534444444444,"FB species-average",42.7431854386587,"FishLife",0.338576698975807,"FishLife",10,29.3,10.52,21.97,28.33,32.53,7.84,30.76,36.17,39.97
"Actinopterygii","Miscellaneous coastal fishes","Mugiliformes","Mugilidae","Mugil","Mugil liza","Lebranche mullet",TRUE,FALSE,"Misc marine fish","Misc marine fish",1.6,8,3,11,0.52,33.8010209123194,439.339551807185,3.00665201280846,10328.0883076581,1866.18201859039,0.009617,"FB species-average",3.047727,"FB species-average",65.0019632929219,"FishLife",0.244115106089252,"FishLife",NA,NA,11.16,18.01,28.2,32.4,0.59,30.39,36.54,39.41
"Actinopterygii","Miscellaneous coastal fishes","Perciformes","Sparidae","Sparus","Sparus aurata","Gilthead seabream",TRUE,TRUE,"Misc marine fish","Misc marine fish",1.6,8,3,11,0.52,28.4975721256,364.746167158463,2.91655897864938,10328.0883076581,5523.26703949132,0.0177258333333333,"FB species-average",2.96491666666667,"FB species-average",54.8030233184615,"FishLife",0.25165586585192,"FishLife",11.5,22.7,9.5,13.98,20.78,24.33,16.5,35.09,38.43,39.58
"Actinopterygii","Miscellaneous coastal fishes","Perciformes","Sciaenidae","Sciaenops","Sciaenops ocellatus","Red drum",TRUE,TRUE,"Misc marine fish","Misc marine fish",1.6,8,3,11,0.52,50.3729369069208,1470.23098186965,1.99703868579237,10328.0883076581,2306.78620032389,0.00975666666666667,"FB species-average",3.042,"FB species-average",96.8710325133093,"FishLife",0.367528771626665,"FishLife",9.6,26,11.77,15.44,26.1,30.3,29.52,32.63,36.08,39.52
"Actinopterygii","Miscellaneous coastal fishes","Perciformes","Sciaenidae","Umbrina","Umbrina cirrosa","Shi drum",TRUE,TRUE,"Misc marine fish","Misc marine fish",1.6,8,3,11,0.52,34.2562497872772,509.256941915849,2.18920696589292,10328.0883076581,7111.41305416878,0.0117,"FB species-average",3.0225,"FB species-average",65.8774034370716,"FishLife",0.335267147654463,"FishLife",9.6,26,4.06,19.89,21.36,22.41,12.72,22.78,39,39.5
"Actinopterygii","Flounders, halibuts, soles","Pleuronectiformes","Pleuronectidae","Platichthys","Platichthys flesus","European flounder",TRUE,TRUE,"Misc marine fish","Misc marine fish",1.6,8,3,11,0.52,21.2688821615674,125.43806087253,2.57598294444323,11202.8964431238,10686.875,0.0121345454545455,"FB species-average",3.02347727272727,"FB species-average",40.9016964645527,"FishLife",0.284927808494803,"FishLife",5,25,5.14,8.58,14.92,22.07,5.4,6.9,35.25,39.11
"Actinopterygii","Flounders, halibuts, soles","Pleuronectiformes","Pleuronectidae","Pleuronectes","Pleuronectes platessa","European plaice",FALSE,TRUE,"Misc marine fish","Misc marine fish",1.6,8,3,11,0.52,28.1670981265116,237.584640576615,5.30994270308967,11202.8964431238,NA,0.0087575,"FB species-average",3.0580875,"FB species-average",54.1674963971377,"FishLife",0.138225441614112,"FishLife",2,25,-1.77,8.8,13.4,18,6.25,28.7,35.37,36
"Actinopterygii","Flounders, halibuts, soles","Pleuronectiformes","Scophthalmidae","Scophthalmus","Scophthalmus maximus","Turbot",TRUE,TRUE,"Misc marine fish","Misc marine fish",1.6,8,3,11,0.52,29.0155525358065,456.101694959775,2.79873934238075,11202.8964431238,7266.54109460494,0.012911,"FB species-average",3.109535,"FB species-average",55.7991394919355,"FishLife",0.262249922301035,"FishLife",8,20,6.7,8.91,12.49,21.91,5.61,7.26,35.22,39.11
"Actinopterygii","Flounders, halibuts, soles","Pleuronectiformes","Paralichthyidae","Paralichthys","Paralichthys olivaceus","Bastard halibut",TRUE,TRUE,"Misc marine fish","Misc marine fish",1.6,8,3,11,0.52,41.3725065954052,919.272969291357,3.32764594926707,11202.8964431238,10839.420454914,0.0062,"FB species-average",3.1985,"FB species-average",79.5625126834715,"FishLife",0.220567087445664,"FishLife",14,23,5.45,13.45,26.49,30.69,30.7,32.9,34.52,35.38
"Actinopterygii","Flounders, halibuts, soles","Pleuronectiformes","Pleuronectidae","Hippoglossus","Hippoglossus hippoglossus","Atlantic halibut",TRUE,TRUE,"Misc marine fish","Misc marine fish",1.6,8,3,11,0.52,106.338916573983,35151.9150999311,11.2303865827639,11202.8964431238,13602.1423023349,0.015675,"FB species-average",3.13355,"FB species-average",204.497916488428,"FishLife",0.0653556464571464,"FishLife",0.9,18,-0.92,2.23,10.86,18.98,5.21,28.51,34.96,37.77
"Actinopterygii","Cods, hakes, haddocks","Gadiformes","Gadidae","Melanogrammus","Melanogrammus aeglefinus","Haddock",FALSE,TRUE,"Misc marine fish","Misc marine fish",1.6,8,3,11,0.52,35.5160462562427,441.406179380169,3.07397593682515,3626.82492368162,NA,0.00587727272727273,"FB species-average",3.14472727272727,"FB species-average",68.3000889543129,"FishLife",0.238768679444594,"FishLife",2,15.5,-0.57,6.57,12.74,18.98,3.58,29.71,35.28,39.61
"Actinopterygii","Miscellaneous coastal fishes","Perciformes","Lutjanidae","Lutjanus","Lutjanus erythropterus","Crimson snapper",TRUE,FALSE,"Misc marine fish","Misc marine fish",1.6,8,3,11,0.52,32.073751420651,572.420668718175,2.45004899289529,10328.0883076581,7529.42799205828,0.0181038405797101,"FB genus-average",2.98771391304348,"FB genus-average",61.6802911935597,"FishLife",0.299573264538212,"FishLife",NA,NA,21.47,25.45,29.21,33.41,21.09,31.13,35.2,38.34
"Actinopterygii","Miscellaneous coastal fishes","Perciformes","Lutjanidae","Lutjanus","Lutjanus argentimaculatus","Mangrove red snapper",TRUE,TRUE,"Misc marine fish","Misc marine fish",1.6,8,3,11,0.52,46.2870807158685,1746.2271651171,3.92181894157795,10328.0883076581,5842.36873321361,0.020026,"FB species-average",2.966452,"FB species-average",89.0136167612855,"FishLife",0.187150193829419,"FishLife",16,30,15.4,23.46,29.21,33.41,21.09,31.86,35.51,38.86
"Actinopterygii","Shads","Clupeiformes","Clupeidae","Konosirus","Konosirus punctatus","Dotted gizzard shad",TRUE,TRUE,"Misc marine fish","Misc marine fish",1.6,8,3,11,0.52,14.0243237666416,28.4208182191896,1.84293607710794,8705.28530829862,8705.28530829862,0.0094375,"FB species-average",3.03325,"FB species-average",26.9698533973876,"FishLife",0.398260788421915,"FishLife",8.5,27.2,7.6,13.87,24.73,28.74,11.83,27.07,34.03,38.7
"Actinopterygii","Miscellaneous pelagic fishes","Atheriniformes","Atherinidae","Atherina","Atherina boyeri","Big-scale sand smelt",TRUE,TRUE,"Misc marine fish","Misc marine fish",1.6,8,3,11,0.52,5.70604026189668,1.55610599371441,1.4124919262686,8009.13204165863,4503.08675026355,0.00790391304347826,"FB species-average",3.03330869565217,"FB species-average",10.9731543498013,"FishLife",0.51962716489229,"FishLife",6,25,11.97,14.21,20.9,24.62,13.88,30.04,38.66,39.25
"Actinopterygii","Miscellaneous coastal fishes","Mugiliformes","Mugilidae","Chelon","Chelon auratus","Golden grey mullet",FALSE,TRUE,"Misc marine fish","Misc marine fish",1.6,8,3,11,0.52,27.8256735058824,262.862692585701,2.88296579860522,10328.0883076581,NA,0.013272,"FB species-average",2.9747,"FB species-average",53.5109105882353,"FB species-average",0.254588235294118,"FB species-average",10.8,18.8,7.25,12.18,21.45,26.81,5.21,30.96,38.35,39.25
"Actinopterygii","Miscellaneous coastal fishes","Mugiliformes","Mugilidae","Chelon","Chelon saliens","Leaping mullet",FALSE,TRUE,"Misc marine fish","Misc marine fish",1.6,8,3,11,0.52,19.8335928,73.7608068259185,2.9304666081212,10328.0883076581,NA,0.009525,"FB species-average",2.9975,"FB species-average",38.1415246153846,"FB species-average",0.250461538461538,"FB species-average",9,32,13.74,16.03,22.97,26.4,15.57,19.79,39.05,39.55
"Actinopterygii","Miscellaneous coastal fishes","Perciformes","Sparidae","Diplodus","Diplodus puntazzo","Sharpsnout seabream",TRUE,TRUE,"Misc marine fish","Misc marine fish",1.6,8,3,11,0.52,14.2134179242608,38.6207242079367,2.65575769014962,10328.0883076581,7031.60459168302,0.0179571428571429,"FB species-average",2.89111428571429,"FB species-average",27.3334960081938,"FishLife",0.276369029374382,"FishLife",24.3,24.3,16.03,18.82,23.03,27.83,28.35,34.83,38.82,39.32
"Actinopterygii","Miscellaneous coastal fishes","Perciformes","Sparidae","Diplodus","Diplodus sargus","White seabream",TRUE,TRUE,"Misc marine fish","Misc marine fish",1.6,8,3,11,0.52,25.142,305.684704758862,5.24263696485857,10328.0883076581,6384.04490540842,0.0179566666666667,"FB species-average",3.02131428571429,"FB species-average",48.35,"FB species-average",0.14,"FB species-average",14.7,18,13.76,16.82,22.66,27.21,16.33,34.71,38.71,39.25
"Actinopterygii","Miscellaneous coastal fishes","Perciformes","Sparidae","Diplodus","Diplodus vulgaris","Common two-banded seabream",FALSE,TRUE,"Misc marine fish","Misc marine fish",1.6,8,3,11,0.52,17.5355346290944,99.7017703185273,3.15749629320877,10328.0883076581,NA,0.0139506896551724,"FB species-average",3.09835862068965,"FB species-average",33.7221819790277,"FishLife",0.232452901578647,"FishLife",14.7,19.7,14.45,17.45,22.28,27.21,17.66,35.03,38.71,39.25
"Actinopterygii","Miscellaneous coastal fishes","Perciformes","Sparidae","Pagrus","Pagrus pagrus","Red porgy",TRUE,TRUE,"Misc marine fish","Misc marine fish",1.6,8,3,11,0.52,29.3090180685277,428.180629970587,4.51508562097383,10328.0883076581,7332.74623537796,0.0182209090909091,"FB species-average",2.97958636363636,"FB species-average",56.3634962856301,"FishLife",0.162559303786114,"FishLife",8.3,25.4,12.98,20,27.69,31.89,27.12,31.62,38,39.66
"Actinopterygii","Miscellaneous coastal fishes","Perciformes","Lethrinidae","Lethrinus","Lethrinus miniatus","Trumpet emperor",TRUE,TRUE,"Misc marine fish","Misc marine fish",1.6,8,3,11,0.52,29.8919876348986,657.491604542537,2.96927244846749,10328.0883076581,10412.8666666667,0.017445,"FB species-average",3.101355,"FB species-average",57.4845916055742,"FishLife",0.247188221296102,"FishLife",21,29.3,20.2,23.36,28.51,32.71,30.88,33.86,35.45,36.68
"Actinopterygii","Miscellaneous pelagic fishes","Perciformes","Carangidae","Caranx","Caranx ignobilis","Giant trevally",TRUE,FALSE,"Misc marine fish","Misc marine fish",1.6,8,3,11,0.52,56.6685606083069,2396.45248828375,4.41075992925079,8009.13204165863,5957.6016433553,0.0160614285714286,"FB species-average",2.95081285714286,"FB species-average",108.978001169821,"FishLife",0.166404244813404,"FishLife",NA,NA,17.92,24.68,28.96,33.16,17.92,33.13,35.41,38.86
"Actinopterygii","Miscellaneous pelagic fishes","Perciformes","Carangidae","Caranx","Caranx sexfasciatus","Bigeye trevally",TRUE,TRUE,"Misc marine fish","Misc marine fish",1.6,8,3,11,0.52,34.1629760546269,535.762089065729,2.71511662044467,8009.13204165863,6765.5,0.0151333333333333,"FB species-average",2.96633333333333,"FB species-average",65.6980308742825,"FishLife",0.270326942700529,"FishLife",21,30,17.52,24.68,28.85,33.05,21.09,32.74,35.26,38.83
"Actinopterygii","Miscellaneous pelagic fishes","Perciformes","Carangidae","Trachinotus","Trachinotus blochii","Snubnose pompano",TRUE,TRUE,"Misc marine fish","Misc marine fish",1.6,8,3,11,0.52,24.3635961281864,324.475216948245,1.68692167562592,8009.13204165863,7190.37986971228,0.088,"FB species-average",2.572,"FB species-average",46.8530694772816,"FishLife",0.435093807664701,"FishLife",20,31,20,26,28.96,31,27.5,33.2,35,39.65
"Actinopterygii","Sturgeons, paddlefishes","Acipenseriformes","Acipenseridae","Acipenser","Acipenser stellatus","Starry sturgeon",TRUE,TRUE,"Misc freshwater fish","Misc freshwater fish",1.7,15,2,17,0.52,95.3197777911059,4516.67368052161,10.1448620119261,6980.81012576458,6654.12621359223,0.0222,"FB species-average",2.68215,"FB species-average",183.307264982896,"FishLife",0.0723488574036157,"FishLife",10,20,12.82,13.83,17.48,21.17,16.21,16.71,22.41,39.11
"Actinopterygii","Sturgeons, paddlefishes","Acipenseriformes","Acipenseridae","Huso","Huso huso","Beluga",TRUE,TRUE,"Misc freshwater fish","Misc freshwater fish",1.7,15,2,17,0.52,205.445479016714,68795.0521513381,22.4733348894998,6980.81012576458,7307.49403793694,0.0097,"FB species-average",2.96225,"FB species-average",395.087459647527,"FishLife",0.0326595575907665,"FishLife",10,20,10.21,14.91,20.59,23.35,14.97,15.79,38.72,39.22
"Actinopterygii","Tilapias and other cichlids","Perciformes","Cichlidae","Coptodon","Coptodon guineensis","Guinean tilapia",FALSE,TRUE,"Tilapia","Tilapia (Oreochromis spp and others)",1.6,1,0,1,0.52,12.272,37.9028825316187,1.10787800012106,2712.49392784895,NA,0.01934,"FB species-average",3.02339,"FB species-average",23.6,"FB species-average",0.6625,"FB species-average",14,33,23.65,25.46,27.85,32.05,17.12,23.8,34.11,34.61
"Actinopterygii","Miscellaneous demersal fishes","Perciformes","Anarhichadidae","Anarhichas","Anarhichas lupus","Atlantic wolffish",FALSE,TRUE,"Misc marine fish","Misc marine fish",1.6,8,3,11,0.52,65.6301713671739,2829.57274362074,8.78407576096597,7607.5308797161,NA,0.005775,"FB species-average",3.13145,"FB species-average",126.211868013796,"FishLife",0.0835567901567697,"FishLife",0,13,-1.57,2.01,10.9,20.03,5.21,29.52,35.03,37.97
"Actinopterygii","Sturgeons, paddlefishes","Acipenseriformes","Acipenseridae","Acipenser","Acipenser nudiventris","Fringebarbel sturgeon",FALSE,TRUE,"Misc freshwater fish","Misc freshwater fish",1.7,15,2,17,0.52,114.989882816435,13986.5235208727,12.0274504736437,6980.81012576458,NA,0.02555,"FB species-average",2.7847,"FB species-average",221.134390031606,"FishLife",0.0610245019664461,"FishLife",10,20,11.47,13.98,18.87,21.17,16.67,17.17,28.6,39.11
"Actinopterygii","Sturgeons, paddlefishes","Acipenseriformes","Acipenseridae","Acipenser","Acipenser transmontanus","White sturgeon",FALSE,TRUE,"Misc freshwater fish","Misc freshwater fish",1.7,15,2,17,0.52,161.147098331309,44385.2216510723,15.53731983128,6980.81012576458,NA,0.00520666666666667,"FB species-average",3.14,"FB species-average",309.898266021749,"FishLife",0.0472391109309959,"FishLife",10,23.3,3.56,10.17,15.52,22.56,27.99,30.27,33.47,36.47
"Actinopterygii","Miscellaneous pelagic fishes","Perciformes","Rachycentridae","Rachycentron","Rachycentron canadum","Cobia",TRUE,TRUE,"Misc marine fish","Misc marine fish",1.6,8,3,11,0.52,57.7379422477338,1466.89340422539,2.51041156321953,8009.13204165863,2755.1215985579,0.00452,"FB species-average",3.1288,"FB species-average",111.034504322565,"FishLife",0.29237005829391,"FishLife",26,32,9.08,21.75,28.78,29.42,28.69,32.66,35.9,39.5
"Actinopterygii","Miscellaneous demersal fishes","Perciformes","Anarhichadidae","Anarhichas","Anarhichas minor","Spotted wolffish",FALSE,TRUE,"Misc marine fish","Misc marine fish",1.6,8,3,11,0.52,77.8430777499086,3524.50244317329,7.18687796259462,7607.5308797161,NA,0.00484,"FB genus-average",3.09972,"FB genus-average",149.698226442132,"FishLife",0.102126288897665,"FishLife",4,12,-0.57,0.22,9.34,15.57,5.21,30.54,33.81,35.3
"Actinopterygii","Miscellaneous freshwater fishes","Perciformes","Eleotridae","Dormitator","Dormitator latifrons","Pacific fat sleeper",FALSE,TRUE,"Misc freshwater fish","Misc freshwater fish",1.7,15,2,17,0.52,20.9943813442607,163.246331958539,1.79309483463089,6847.20866201841,NA,0.0296,"FB species-average",2.83,"FB species-average",40.3738102774245,"FishLife",0.409330929354491,"FishLife",24.6,33,12.54,24.17,29.01,33.21,29.2,31,34.45,36.98
"Actinopterygii","Miscellaneous pelagic fishes","Perciformes","Carangidae","Carangoides","Carangoides malabaricus","Malabar trevally",TRUE,TRUE,"Misc marine fish","Misc marine fish",1.6,8,3,11,0.52,17.5487305077029,98.4417132639547,1.03068242367191,8009.13204165863,10069.2506459948,0.0212025,"FB species-average",2.947,"FB species-average",33.7475586686594,"FishLife",0.712119619218267,"FishLife",19.9,28.4,18.21,25.18,28.85,33.05,21.09,31.44,35.37,38.86
"Actinopterygii","Miscellaneous coastal fishes","Perciformes","Siganidae","Siganus","Siganus canaliculatus","White-spotted spinefoot",TRUE,TRUE,"Misc marine fish","Misc marine fish",1.6,8,3,11,0.52,12.7449100925715,32.227499177284,0.548053033590275,10328.0883076581,8549.87511854533,0.0190666666666667,"FB species-average",2.92033333333333,"FB species-average",24.5094424857144,"FishLife",1.33923020236198,"FishLife",21,34,21.42,24.65,28.81,33.01,26.36,32.65,35.97,39.93
"Actinopterygii","Miscellaneous coastal fishes","Perciformes","Serranidae","Epinephelus","Epinephelus fuscoguttatus","Brown-marbled grouper",TRUE,TRUE,"Misc marine fish","Misc marine fish",1.6,8,3,11,0.52,46.8631854623842,1735.73150025969,4.1005268694132,10328.0883076581,11758.576234353,0.0139375,"FB species-average",3.0495575,"FB species-average",90.121510504585,"FishLife",0.17899387041091,"FishLife",10,36.5,22.16,25.42,29.27,33.47,21.09,31.93,35.37,38.86
"Actinopterygii","Miscellaneous coastal fishes","Perciformes","Serranidae","Epinephelus","Epinephelus tauvina","Greasy grouper",FALSE,TRUE,"Misc marine fish","Misc marine fish",1.6,8,3,11,0.52,54.2373769585206,3233.01521764236,5.33708834332425,10328.0883076581,NA,0.0175033333333333,"FB species-average",3.03666666666667,"FB species-average",104.302647997155,"FishLife",0.137522395708189,"FishLife",17,29.2,21.35,24.59,28.94,33.14,28.69,33.79,36.48,39.93
"Actinopterygii","Miscellaneous pelagic fishes","Perciformes","Carangidae","Gnathanodon","Gnathanodon speciosus","Golden trevally",TRUE,TRUE,"Misc marine fish","Misc marine fish",1.6,8,3,11,0.52,39.1839495840018,777.20852591366,2.06344702092907,8009.13204165863,5829.61934062524,0.0156533333333333,"FB species-average",2.94765333333333,"FB species-average",75.3537492000035,"FishLife",0.355700518421708,"FishLife",23,29.3,15.47,24.46,29.13,33.33,21.09,31.32,35.44,39.93
"Actinopterygii","Miscellaneous coastal fishes","Perciformes","Sparidae","Sparidentex","Sparidentex hasta","Sobaity seabream",TRUE,TRUE,"Misc marine fish","Misc marine fish",1.6,8,3,11,0.52,42.6894053926219,1015.15881355239,2.76928828976456,10328.0883076581,9365.76762842199,0.013,"FB species-average",3.001,"FB species-average",82.0950103704268,"FishLife",0.26503891913059,"FishLife",17.8,26.3,25.7,26.38,27.8,32,31.38,35.77,39.56,40.06
"Actinopterygii","Miscellaneous coastal fishes","Perciformes","Sparidae","Dentex","Dentex gibbosus","Pink dentex",TRUE,FALSE,"Misc marine fish","Misc marine fish",1.6,8,3,11,0.52,48.8175521749657,1865.63779648198,5.10664254371713,10328.0883076581,12003.7393554126,0.015545,"FB species-average",3.008,"FB species-average",93.8799080287802,"FishLife",0.143728324196732,"FishLife",NA,NA,11.92,19.54,27.85,32.05,17.55,27.97,38.4,39.25
"Actinopterygii","Miscellaneous coastal fishes","Perciformes","Sparidae","Pagrus","Pagrus caeruleostictus","Bluespotted seabream",TRUE,FALSE,"Misc marine fish","Misc marine fish",1.6,8,3,11,0.52,22.0298548478806,186.53714975171,3.08605800024224,10328.0883076581,7126.93442622951,0.026245,"FB species-average",2.86797125,"FB species-average",42.3651054766935,"FishLife",0.23783388874175,"FishLife",NA,NA,13.54,19.81,27.85,32.05,17.55,27.64,38.4,39.25
"Actinopterygii","Miscellaneous coastal fishes","Perciformes","Siganidae","Siganus","Siganus rivulatus","Marbled spinefoot",TRUE,TRUE,"Misc marine fish","Misc marine fish",1.6,8,3,11,0.52,13.8987264784822,34.8514867238942,1.33424900400696,10328.0883076581,5750,0.0129125,"FB species-average",3.002,"FB species-average",26.7283201509274,"FishLife",0.550099099100673,"FishLife",15,28.7,19.45,24.3,29.22,33.42,29.95,35.02,39.5,40
"Actinopterygii","Miscellaneous coastal fishes","Perciformes","Sciaenidae","Miichthys","Miichthys miiuy","Mi-iuy (brown) croaker",TRUE,TRUE,"Misc marine fish","Misc marine fish",1.6,8,3,11,0.52,37.2105537987266,874.687916583456,2.23381938186864,10328.0883076581,12227.2552967683,0.0132230526315789,"FB family-average",3.06909361403509,"FB family-average",71.5587573052434,"FishLife",0.328571406013237,"FishLife",6,25,6.53,15.09,25.16,29.36,24.32,29.63,33.72,37.94
"Actinopterygii","Miscellaneous coastal fishes","Mugiliformes","Mugilidae","Chelon","Chelon ramada","Thinlip grey mullet",FALSE,TRUE,"Misc marine fish","Misc marine fish",1.6,8,3,11,0.52,25.32492495,155.709603712029,2.85313576318834,10328.0883076581,NA,0.0104533333333333,"FB species-average",2.97322222222222,"FB species-average",48.70177875,"FB species-average",0.25725,"FB species-average",8,24,4.1,12.16,21.13,28.4,5.55,31.44,38.37,39.21
"Actinopterygii","Miscellaneous coastal fishes","Perciformes","Siganidae","Siganus","Siganus guttatus","Goldlined spinefoot",FALSE,TRUE,"Misc marine fish","Misc marine fish",1.6,8,3,11,0.52,17.816734243856,136.743865131088,0.818644364567613,10328.0883076581,NA,0.03748,"FB species-average",2.8478,"FB species-average",34.2629504689538,"FishLife",0.896566576217579,"FishLife",24,28,21.42,25.41,29.12,33.32,30.21,31.78,35.02,36.26
"Actinopterygii","Miscellaneous coastal fishes","Perciformes","Lateolabracidae","Lateolabrax","Lateolabrax japonicus","Japanese seabass",TRUE,TRUE,"Misc marine fish","Misc marine fish",1.6,8,3,11,0.52,48.3062634521209,3255.07371432326,3.9030376030957,10328.0883076581,2261.15428047691,0.02388,"FB species-average",3.049,"FB species-average",92.8966604848478,"FishLife",0.188050756799794,"FishLife",13,23,9.42,14.27,25.22,29.42,11.83,25.72,33.94,38.83
"Actinopterygii","Miscellaneous coastal fishes","Perciformes","Siganidae","Siganus","Siganus javus","Streaked spinefoot",FALSE,TRUE,"Misc marine fish","Misc marine fish",1.6,8,3,11,0.52,15.7102119416624,72.44363610164,0.961047540844964,10328.0883076581,NA,0.0232652941176471,"FB genus-average",2.92036794117647,"FB genus-average",30.2119460416584,"FishLife",0.763717863982968,"FishLife",25,28,21.42,26.6,28.97,33.17,26.36,31.78,35.13,39.65
"Actinopterygii","Miscellaneous coastal fishes","Perciformes","Sparidae","Dentex","Dentex tumifrons","Yellowback seabream",FALSE,TRUE,"Misc marine fish","Misc marine fish",1.6,8,3,11,0.52,24.323730777911,319.766443236951,3.46537287648962,10328.0883076581,NA,0.0317333333333333,"FB species-average",2.88833333333333,"FB species-average",46.7764053421366,"FishLife",0.211800923375294,"FishLife",10.4,26.3,12.09,17.5,26.47,30.67,11.83,32.85,34.22,35.07
"Actinopterygii","Sturgeons, paddlefishes","Acipenseriformes","Acipenseridae","Acipenser","Acipenser gueldenstaedtii","Danube (diamond) sturgeon",FALSE,TRUE,"Misc freshwater fish","Misc freshwater fish",1.7,15,2,17,0.52,118.944569897753,11090.4546442397,14.8070022974881,6980.81012576458,NA,0.00736666666666667,"FB species-average",2.9767,"FB species-average",228.739557495679,"FishLife",0.0495690593095074,"FishLife",10,20,11.8,14.03,18.4,21.17,16.75,17.25,26.5,39.11
"Actinopterygii","Miscellaneous coastal fishes","Mugiliformes","Mugilidae","Planiliza","Planiliza macrolepis","Largescale mullet",FALSE,TRUE,"Misc marine fish","Misc marine fish",1.6,8,3,11,0.52,11.96,30.8881310979711,7.339691750802,10328.0883076581,NA,0.027925,"FB species-average",2.824265,"FB species-average",23,"Gentry et al. 2017",0.1,"Gentry et al. 2017",20,28.9,18.32,23.63,28.91,33.11,14.99,31.13,35.38,38.72
"Actinopterygii","Miscellaneous coastal fishes","Perciformes","Serranidae","Plectropomus","Plectropomus maculatus","Spotted coralgrouper",TRUE,TRUE,"Misc marine fish","Misc marine fish",1.6,8,3,11,0.52,35.129663061659,676.311156222965,3.50125300074526,10328.0883076581,31888.4638415351,0.0156,"FB species-average",3,"FB species-average",67.5570443493442,"FishLife",0.20963043085546,"FishLife",22,28.9,24.6,25.46,28.77,32.97,33.44,34.15,35.2,36
"Actinopterygii","Miscellaneous coastal fishes","Perciformes","Sparidae","Pagrus","Pagrus auriga","Redbanded seabream",TRUE,FALSE,"Misc marine fish","Misc marine fish",1.6,8,3,11,0.52,29.3177725753898,480.051570467141,4.33064377842238,10328.0883076581,7675.16666666667,0.01905,"FB species-average",3,"FB species-average",56.3803318757496,"FishLife",0.169482694175225,"FishLife",NA,NA,12.67,19.5,27.86,32.06,17.55,25.93,37.21,39.21
"Actinopterygii","Miscellaneous coastal fishes","Perciformes","Serranidae","Epinephelus","Epinephelus akaara","Hong Kong (redspotted) grouper",FALSE,TRUE,"Misc marine fish","Misc marine fish",1.6,8,3,11,0.52,36.7129567490241,956.031696107075,3.85564525238468,10328.0883076581,NA,0.0183791071428571,"FB genus-average",3.01386089285714,"FB genus-average",70.6018399019694,"FishLife",0.190362216188392,"FishLife",19,30.2,11.89,18.63,25.22,29.42,28.14,31.74,34.03,34.76
"Actinopterygii","Miscellaneous coastal fishes","Perciformes","Serranidae","Epinephelus","Epinephelus areolatus","Areolate grouper",TRUE,TRUE,"Misc marine fish","Misc marine fish",1.6,8,3,11,0.52,22.2721809274594,250.987652077189,2.79007778649507,10328.0883076581,18883.8797584819,0.034968,"FB species-average",2.861024,"FB species-average",42.8311171681911,"FishLife",0.263064054569683,"FishLife",18.5,28.6,20.65,25.17,29.12,33.32,26,32.35,36.26,39.93
"Actinopterygii","Miscellaneous coastal fishes","Perciformes","Sparidae","Rhabdosargus","Rhabdosargus sarba","Goldlined seabream",TRUE,TRUE,"Misc marine fish","Misc marine fish",1.6,8,3,11,0.52,12.7887624613213,22.4350113568094,1.25172170162033,10328.0883076581,9829.41739130435,0.0136233333333333,"FB species-average",2.90618,"FB species-average",24.5937739640794,"FishLife",0.586367699888952,"FishLife",21.1,26.9,15.38,20.6,28.52,32.72,26.36,33.72,36.9,39.65
"Actinopterygii","Miscellaneous coastal fishes","Perciformes","Serranidae","Epinephelus","Epinephelus tukula","Potato grouper",TRUE,FALSE,"Misc marine fish","Misc marine fish",1.6,8,3,11,0.52,36.7129567490241,1074.59158088033,3.85564525238468,10328.0883076581,18104.4776119403,0.106,"FB species-average",2.56,"FB species-average",70.6018399019694,"FishLife",0.190362216188392,"FishLife",NA,NA,21.47,24.16,29.04,33.24,28.14,33.7,36.8,38.86
"Actinopterygii","Miscellaneous coastal fishes","Perciformes","Sparidae","Acanthopagrus","Acanthopagrus berda","Goldsilk seabream",FALSE,TRUE,"Misc marine fish","Misc marine fish",1.6,8,3,11,0.52,19.691346946038,151.661923177724,2.70868054577482,10328.0883076581,NA,0.0151,"FB species-average",3.092,"FB species-average",37.8679748962269,"FishLife",0.270969264435813,"FishLife",14.6,25.7,15.19,21.15,28.53,32.73,26.3,34,35.65,39.5
"Actinopterygii","Miscellaneous coastal fishes","Perciformes","Scaridae","Bolbometopon","Bolbometopon muricatum","Green humphead parrotfish",TRUE,TRUE,"Misc marine fish","Misc marine fish",1.6,8,3,11,0.52,46.6016499611217,2114.32272473226,4.39474999338468,10328.0883076581,20546.1666666667,0.017375873015873,"FB family-average",3.04796253968254,"FB family-average",89.6185576175418,"FishLife",0.167010450238359,"FishLife",26.3,29,22.16,25.64,29.34,33.54,28.24,32.51,35.28,38.83
"Actinopterygii","Miscellaneous coastal fishes","Mugiliformes","Mugilidae","Ellochelon","Ellochelon vaigiensis","Squaretail mullet",TRUE,FALSE,"Misc marine fish","Misc marine fish",1.6,8,3,11,0.52,21.3230993415895,139.404308599041,2.41129092990223,10328.0883076581,2330.84197994987,0.008195,"FB species-average",3.18375,"FB species-average",41.0059602722874,"FishLife",0.304388477548813,"FishLife",NA,NA,22.16,25.4,29.22,33.42,20.55,31.71,35.53,38.65
"Actinopterygii","Miscellaneous coastal fishes","Perciformes","Ephippidae","Platax","Platax orbicularis","Orbicular batfish",TRUE,TRUE,"Misc marine fish","Misc marine fish",1.6,8,3,11,0.52,21.5289483925658,392.764122461866,2.10864524053563,10328.0883076581,15742.3642336205,0.0425,"FB species-average",2.975,"FB species-average",41.4018238318573,"FishLife",0.348076177524181,"FishLife",22,28,19.3,25.22,28.97,33.17,28.81,33.06,36.34,39.49
"Actinopterygii","Miscellaneous coastal fishes","Perciformes","Sparidae","Acanthopagrus","Acanthopagrus latus","Yellowfin seabream",FALSE,TRUE,"Misc marine fish","Misc marine fish",1.6,8,3,11,0.52,24.2986228019575,279.195828464941,3.53704754610349,10328.0883076581,NA,0.0234666666666667,"FB species-average",2.94133333333333,"FB species-average",46.7281207729951,"FishLife",0.20750899316826,"FishLife",4.9,38.2,17.5,23.57,26.42,30.62,32.45,33.52,34.52,35.02
"Actinopterygii","Miscellaneous coastal fishes","Perciformes","Polynemidae","Polydactylus","Polydactylus sexfilis","Sixfinger threadfin",TRUE,TRUE,"Misc marine fish","Misc marine fish",1.6,8,3,11,0.52,19.2071791836919,115.144746794052,1.34021574213749,10328.0883076581,6650,0.01625,"FB species-average",3,"FB species-average",36.9368830455614,"FishLife",0.547650017831909,"FishLife",25.3,40,-1.37,11.22,28.91,29.41,29.79,33.72,35.56,36.38
"Actinopterygii","Miscellaneous coastal fishes","Perciformes","Sparidae","Pagrus","Pagrus auratus","Silver seabream",TRUE,TRUE,"Misc marine fish","Misc marine fish",1.6,8,3,11,0.52,37.9201241879487,779.982720741642,6.32110949094601,10328.0883076581,6756.54164034236,0.03036,"FB species-average",2.793,"FB species-average",72.9233157460552,"FishLife",0.116113979061982,"FishLife",9.2,29.3,7.92,15.25,25.04,29.24,33.56,34.92,35.92,36.42
"Actinopterygii","Miscellaneous coastal fishes","Perciformes","Serranidae","Epinephelus","Epinephelus malabaricus","Malabar grouper",TRUE,TRUE,"Misc marine fish","Misc marine fish",1.6,8,3,11,0.52,64.8099945993942,5834.03449826521,3.28302960771851,10328.0883076581,14113.1718661747,0.0174233333333333,"FB species-average",3.04963,"FB species-average",124.634604998835,"FishLife",0.223564592093417,"FishLife",19,30.2,21.47,24.42,29.13,33.33,22.8,31.93,35.42,38.83
"Actinopterygii","Miscellaneous coastal fishes","Perciformes","Serranidae","Cromileptes","Cromileptes altivelis","Humpback grouper",TRUE,TRUE,"Misc marine fish","Misc marine fish",1.6,8,3,11,0.52,27.2420744799969,386.556073199942,3.11896497277338,10328.0883076581,63273.7308991913,0.0180663323782235,"FB family-average",3.0171553008596,"FB family-average",52.3886047692249,"FishLife",0.23532459693754,"FishLife",26.5,29,21.45,25.18,29.21,33.41,22.8,31.82,35.24,37.35
"Actinopterygii","Miscellaneous coastal fishes","Perciformes","Serranidae","Epinephelus","Epinephelus coioides","Orange-spotted grouper",TRUE,TRUE,"Misc marine fish","Misc marine fish",1.6,8,3,11,0.52,48.1121618906081,2019.83305388158,4.79727453845241,10328.0883076581,10766.0712264901,0.01298,"FB species-average",3.086358,"FB species-average",92.5233882511695,"FishLife",0.152997117258371,"FishLife",17,35,18.4,24.17,29.11,33.31,21.09,31.13,35.45,38.83
"Actinopterygii","Miscellaneous coastal fishes","Perciformes","Serranidae","Epinephelus","Epinephelus lanceolatus","Giant grouper",TRUE,TRUE,"Misc marine fish","Misc marine fish",1.6,8,3,11,0.52,36.7129567490241,856.059972983115,3.85564525238468,10328.0883076581,18582.7367169101,0.0173,"FB species-average",3,"FB species-average",70.6018399019694,"FishLife",0.190362216188392,"FishLife",26.3,26.3,16,23.34,29.12,33.32,28.14,32.09,35.61,39
"Actinopterygii","Miscellaneous coastal fishes","Perciformes","Sparidae","Acanthopagrus","Acanthopagrus schlegelii","Blackhead seabream",TRUE,TRUE,"Misc marine fish","Misc marine fish",1.6,8,3,11,0.52,21.5859225262236,203.281698834307,3.33817557115531,10328.0883076581,10344.8615260204,0.01728,"FB species-average",3.051,"FB species-average",41.511389473507,"FishLife",0.219871351711492,"FishLife",10.4,26.3,11.95,13.45,26.49,27,32.4,33.5,34.43,34.5
"Actinopterygii","Miscellaneous coastal fishes","Perciformes","Oplegnathidae","Oplegnathus","Oplegnathus fasciatus","Striped beakfish",TRUE,FALSE,"Misc marine fish","Misc marine fish",1.6,8,3,11,0.52,20.0673807871516,187.078151645919,2.08493227066948,10328.0883076581,18087.0896358543,0.02315,"FB species-average",3,"FB species-average",38.5911168983685,"FishLife",0.352035020708141,"FishLife",NA,NA,11.62,16.62,24.51,29.7,30.98,32.96,34.76,35.42
"Actinopterygii","Miscellaneous demersal fishes","Scorpaeniformes","Sebastidae","Sebastes","Sebastes schlegelii","Korean rockfish",TRUE,TRUE,"Misc marine fish","Misc marine fish",1.6,8,3,11,0.52,19.7646191476794,138.775130938175,5.71834268129581,7607.5308797161,7607.5308797161,0.0161571428571429,"FB species-average",3.03571428571429,"FB species-average",38.0088829763065,"FishLife",0.128353478619067,"FishLife",15,24,2.9,11.96,21.42,23.54,32.83,33.33,34.33,34.83
"Actinopterygii","Miscellaneous coastal fishes","Perciformes","Serranidae","Hyporthodus","Hyporthodus septemfasciatus","Convict grouper",TRUE,FALSE,"Misc marine fish","Misc marine fish",1.6,8,3,11,0.52,51.8878391050106,1833.06413873014,5.77884065527345,10328.0883076581,25551.0330847466,0.00332,"FB species-average",3.348,"FB species-average",99.7843059711743,"FishLife",0.12700976179546,"FishLife",NA,NA,13.27,17.67,23.04,24.6,30.98,32.96,34.22,34.96
"Actinopterygii","Miscellaneous coastal fishes","Perciformes","Sciaenidae","Micropogonias","Micropogonias furnieri","Whitemouth croaker",TRUE,FALSE,"Misc marine fish","Misc marine fish",1.6,8,3,11,0.52,32.1913546915208,355.079175780762,4.16005302990539,10328.0883076581,623.087028140014,0.0103946153846154,"FB species-average",3.00683076923077,"FB species-average",61.9064513298477,"FishLife",0.176432648767675,"FishLife",NA,NA,14.22,17.64,28.23,32.43,6.21,27.03,36.77,37.27
"Actinopterygii","Miscellaneous coastal fishes","Tetraodontiformes","Tetraodontidae","Takifugu","Takifugu rubripes","Tiger pufferfish",TRUE,TRUE,"Misc marine fish","Misc marine fish",1.6,8,3,11,0.52,29.5035658700586,484.356021907159,1.87123923294738,10328.0883076581,5123.1445204289,0.02916,"FB genus-average",2.87125,"FB genus-average",56.7376266731896,"FishLife",0.392236953007943,"FishLife",10,29,10.37,14.5,24.59,28.05,30.7,32.27,34.52,35.5
"Actinopterygii","Miscellaneous coastal fishes","Perciformes","Latidae","Psammoperca","Psammoperca waigiensis","Waigieu seaperch",TRUE,FALSE,"Misc marine fish","Misc marine fish",1.6,8,3,11,0.52,30.9555300198804,408.534240523877,2.47952423468528,10328.0883076581,3114.12224669604,0.0140042424242424,"FB family-average",2.99513939393939,"FB family-average",59.5298654228469,"FishLife",0.296012099745966,"FishLife",NA,NA,17.99,24.16,28.85,33.05,30.21,33.2,35.36,36.67
"Actinopterygii","Flounders, halibuts, soles","Pleuronectiformes","Soleidae","Solea","Solea senegalensis","Senegalese sole",TRUE,TRUE,"Misc marine fish","Misc marine fish",1.6,8,3,11,0.52,27.0518222315076,198.475204169969,3.6116214833164,11202.8964431238,11823.3360439392,0.00774333333333333,"FB species-average",3.07833333333333,"FB species-average",52.0227350605915,"FishLife",0.20322427986175,"FishLife",15,21,12.78,15.84,26.05,30.25,29.54,34.63,36.59,38
"Actinopterygii","Miscellaneous coastal fishes","Perciformes","Sciaenidae","Argyrosomus","Argyrosomus japonicus","Japanese meagre",TRUE,TRUE,"Misc marine fish","Misc marine fish",1.6,8,3,11,0.52,76.7633057969008,4803.86310400946,7.18070173315334,10328.0883076581,4762.41778089061,0.0301,"FB species-average",2.76,"FB species-average",147.621741917117,"FishLife",0.102214129253059,"FishLife",12,28,9.45,15.85,25.84,30.04,28.14,32.96,35.7,37.68
"Actinopterygii","Miscellaneous coastal fishes","Mugiliformes","Mugilidae","Planiliza","Planiliza haematocheila","So-iuy mullet",TRUE,FALSE,"Misc marine fish","Misc marine fish",1.6,8,3,11,0.52,42.952,699.211249814038,3.99983201678583,10328.0883076581,2600,0.009066,"FB species-average",2.9928,"FB species-average",82.6,"FB species-average",0.1835,"FB species-average",NA,NA,7.75,10.01,25.58,29.78,24.32,30.98,33.86,34.76
"Actinopterygii","Tunas, bonitos, billfishes","Perciformes","Scombridae","Thunnus","Thunnus orientalis","Pacific bluefin tuna",TRUE,TRUE,"Tuna","Tuna",6,8,6,14,0.52,95.1776718194078,15643.096025609,4.12799285111517,14254.0684568261,19605.7273684809,0.0310116666666667,"FB genus-average",2.88233333333333,"FB genus-average",183.033984268092,"FishLife",0.177802918162012,"FishLife",13.6,29,4.1,15.97,28.48,32.68,28.88,33.38,35.65,37.16
"Bivalvia","Clams, cockles, arkshells","Arcoida","Arcidae","Anadara","Anadara broughtonii","Inflated ark",TRUE,TRUE,"Non-fed","Non-fed mariculture species",0,0,0,0,0.67,7.3231,107.134319412082,4.18718770473652,6380.35185795006,4546.63578390473,0.397875,"FB species-average",2.81045,"FB species-average",10.93,"FB species-average",0.264775,"FB species-average",22,25,2.68,14.41,28.55,32.75,32.27,33.06,34.28,34.78
"Bivalvia","Clams, cockles, arkshells","Arcoida","Arcidae","Anadara","Anadara tuberculosa","Black ark",TRUE,TRUE,"Non-fed","Non-fed mariculture species",0,0,0,0,0.67,4.98301333333333,32.6974782450523,1.55383689491466,6380.35185795006,1500,0.357371666666667,"FB genus-average",2.81206666666667,"FB genus-average",7.43733333333333,"FB species-average",0.7135,"FB species-average",22,31,22.39,24.74,29,33.2,26.7,30.2,33.71,36.72
"Bivalvia","Clams, cockles, arkshells","Arcoida","Arcidae","Tegillarca","Tegillarca granosa","Blood cockle",TRUE,TRUE,"Non-fed","Non-fed mariculture species",0,0,0,0,0.67,2.44229565217391,5.16613865308615,0.614143554046171,6380.35185795006,2249.47458460253,0.40404,"FB species-average",2.85391111111111,"FB species-average",3.64521739130435,"FB species-average",1.80521739130435,"FB species-average",25,32.8,13.45,20.48,29.08,33.28,27.5,31.6,35.52,37.04
"Bivalvia","Clams, cockles, arkshells","Veneroida","Cardiidae","Cerastoderma","Cerastoderma edule","Common edible cockle",TRUE,TRUE,"Non-fed","Non-fed mariculture species",0,0,0,0,0.67,2.1976,6.85704974096049,1.91148728365795,6380.35185795006,3906.73343862186,1.157,"FB species-average",2.26,"FB species-average",3.28,"FB species-average",0.58,"FB species-average",6.8,12,5.95,8.88,18.62,22.88,5.05,23.54,36.41,39.22
"Bivalvia","Clams, cockles, arkshells","Veneroida","Cardiidae","Cerastoderma","Cerastoderma glaucum","Olive green cockle",TRUE,FALSE,"Non-fed","Non-fed mariculture species",0,0,0,0,0.67,2.39770666666667,5.43515005252239,2.14579862810634,6380.35185795006,3306.96202531646,0.50051,"FB species-average",2.72725,"FB species-average",3.57866666666667,"FB species-average",0.516666666666667,"FB species-average",NA,NA,-1.44,8.63,19.83,29.15,3.49,6.27,37.93,39.25
"Bivalvia","Clams, cockles, arkshells","Veneroida","Cardiidae","Tridacna","Tridacna crocea","Crocus giant clam",TRUE,TRUE,"Non-fed","Non-fed mariculture species",0,0,0,0,0.67,10.05,148.786649121649,6.52154485012712,6380.35185795006,4600,0.11665,"FB genus-average",3.09896666666667,"FB genus-average",15,"Gentry et al. 2017",0.17,"Gentry et al. 2017",26.8,28.4,21.42,25.52,29.08,33.28,28.81,31.94,35.04,36.11
"Bivalvia","Clams, cockles, arkshells","Veneroida","Cardiidae","Tridacna","Tridacna derasa","Smooth giant clam",TRUE,TRUE,"Non-fed","Non-fed mariculture species",0,0,0,0,0.67,31.4297,5094.39038516159,10.1712167387304,6380.35185795006,3032.00635574327,0.11665,"FB genus-average",3.09896666666667,"FB genus-average",46.91,"FB species-average",0.109,"FB species-average",28.5,28.5,17.99,21.15,29.07,33.27,30.56,33.09,35.54,36.78
"Bivalvia","Clams, cockles, arkshells","Veneroida","Cardiidae","Tridacna","Tridacna maxima","Elongate giant clam",TRUE,FALSE,"Non-fed","Non-fed mariculture species",0,0,0,0,0.67,12.30455,315.429427485109,4.10615786859856,6380.35185795006,11011.7032242599,0.11665,"FB species-average",3.14845,"FB species-average",18.365,"FB species-average",0.27,"FB species-average",NA,NA,17.99,24.75,29.05,33.25,28.81,33.2,35.88,39.56
"Bivalvia","Clams, cockles, arkshells","Veneroida","Cardiidae","Tridacna","Tridacna squamosa","Fluted giant clam",TRUE,TRUE,"Non-fed","Non-fed mariculture species",0,0,0,0,0.67,11.5575,229.437576669055,5.15657034661215,6380.35185795006,4589.89898989899,0.11665,"FB genus-average",3.09896666666667,"FB genus-average",17.25,"FB species-average",0.215,"FB species-average",24.5,28.9,21.42,24.75,29.06,33.26,28.81,32.79,35.56,38.69
"Bivalvia","Freshwater molluscs","Veneroida","Corbiculidae","Polymesoda","Polymesoda expansa","Broad geloina",TRUE,FALSE,"Non-fed","Non-fed mariculture species",0,0,0,0,0.67,2.45488,5.08053596250988,1.23803754832117,1246.0290541508,1246.0290541508,0.374,"FB genus-average",2.905,"FB genus-average",3.664,"FB family-average",0.8955,"FB family-average",NA,NA,27.06,27.71,29.59,33.79,25.97,29.56,34.37,38.11
"Bivalvia","Clams, cockles, arkshells","Myoida","Hiatellidae","Panopea","Panopea generosa","Pacific geoduck",TRUE,TRUE,"Non-fed","Non-fed mariculture species",0,0,0,0,0.67,9.07477777777775,204.27548308622,4.8530951462522,6380.35185795006,31556,0.4399075,"FB family-average",2.78425,"FB family-average",13.5444444444444,"FB species-average",0.228444444444444,"FB species-average",8.5,10.2,6.01,9.91,14.48,17.45,28.13,30.27,33.29,35.03
"Bivalvia","Clams, cockles, arkshells","Veneroida","Mactridae","Mactra","Mactra glabrata","Smooth mactra",FALSE,TRUE,"Non-fed","Non-fed mariculture species",0,0,0,0,0.67,18.492,1111.62451257311,3.32363576210242,6380.35185795006,NA,0.11685,"FB genus-average",3.14,"FB genus-average",27.6,"Gentry et al. 2017",0.333569230769231,"FB family-average",10,30,5.39,15.99,26.07,30.27,21.03,32.96,36.35,38.13
"Bivalvia","Clams, cockles, arkshells","Veneroida","Mactridae","Mactra","Mactra quadrangularis","Globose clam",TRUE,TRUE,"Non-fed","Non-fed mariculture species",0,0,0,0,0.67,18.492,1111.62451257311,3.32363576210242,6380.35185795006,901.076923076923,0.11685,"FB genus-average",3.14,"FB genus-average",27.6,"Gentry et al. 2017",0.333569230769231,"FB family-average",10,30,8.23,13.99,22.16,27.55,28.66,31.13,33.81,35.81
"Bivalvia","Clams, cockles, arkshells","Veneroida","Mactridae","Tresus","Tresus nuttallii","Pacific horse clam",TRUE,TRUE,"Non-fed","Non-fed mariculture species",0,0,0,0,0.67,15.075,640.79243812588,2.35885664791832,6380.35185795006,2845,0.201928888888889,"FB family-average",2.97177777777778,"FB family-average",22.5,"Gentry et al. 2017",0.47,"Gentry et al. 2017",2,20,4.55,9.33,17.36,24.51,27.99,30.27,33.5,35.08
"Bivalvia","Clams, cockles, arkshells","Myoida","Myidae","Mya","Mya arenaria","Sand gaper",TRUE,TRUE,"Non-fed","Non-fed mariculture species",0,0,0,0,0.67,4.47751428571428,14.5908467418633,3.88031918582564,6380.35185795006,670,0.182125625,"FB species-average",2.92411875,"FB species-average",6.68285714285714,"FB species-average",0.285714285714286,"FB species-average",4.7,23.6,-0.83,6.94,14.26,22.58,3.36,8.98,34.77,39.21
"Bivalvia","Mussels","Mytiloida","Mytilidae","Aulacomya","Aulacomya ater","Cholga mussel",TRUE,TRUE,"Non-fed","Non-fed mariculture species",0,0,0,0,0.67,4.221,4.03773630174959,3.16760749863318,2718.43499653158,3257.82808378992,0.0798614705882353,"FB family-average",2.72427058823529,"FB family-average",6.3,"Gentry et al. 2017",0.35,"Gentry et al. 2017",0,25.6,5.89,6.6,17.92,26.27,27.6,33.26,35.07,36.04
"Bivalvia","Mussels","Mytiloida","Mytilidae","Choromytilus","Choromytilus chorus","Choro mussel",TRUE,TRUE,"Non-fed","Non-fed mariculture species",0,0,0,0,0.67,3.35,2.15130223518848,3.16760749863318,2718.43499653158,2400,0.0798614705882353,"FB family-average",2.72427058823529,"FB family-average",5,"Gentry et al. 2017",0.35,"Gentry et al. 2017",20,26.3,0.26,6.81,18.51,28.89,30.27,32.43,34.94,37.47
"Bivalvia","Mussels","Mytiloida","Mytilidae","Mytilus","Mytilus chilensis","Chilean mussel",TRUE,TRUE,"Non-fed","Non-fed mariculture species",0,0,0,0,0.67,6.834,30.7506713736151,2.21732524904322,2718.43499653158,8458,0.09212,"FB genus-average",3.02333333333333,"FB genus-average",10.2,"Gentry et al. 2017",0.5,"Gentry et al. 2017",12,16,3.25,6.51,13.61,14.64,25.39,32.71,35.01,35.51
"Bivalvia","Mussels","Mytiloida","Mytilidae","Mytilus","Mytilus coruscus","Korean mussel",TRUE,TRUE,"Non-fed","Non-fed mariculture species",0,0,0,0,0.67,6.7,26.5524046569818,5.27934583105529,2718.43499653158,385.546153473685,0.12915,"FB species-average",2.8,"FB species-average",10,"Gentry et al. 2017",0.21,"Gentry et al. 2017",2.9,20,8.13,13.27,22.06,27.1,28.16,28.66,33.63,35.5
"Bivalvia","Mussels","Mytiloida","Mytilidae","Mytilus","Mytilus edulis","Blue mussel",TRUE,TRUE,"Non-fed","Non-fed mariculture species",0,0,0,0,0.67,5.88720066666667,19.0796993771441,3.35890514397579,2718.43499653158,1812.03809054687,0.073605,"FB species-average",3.135,"FB species-average",8.78686666666667,"FB species-average",0.330066666666667,"FB species-average",-1.4,23.4,-1.66,5.65,15.81,28.86,3.76,10.63,35.23,39.21
"Bivalvia","Mussels","Mytiloida","Mytilidae","Mytilus","Mytilus galloprovincialis","Mediterranean mussel",TRUE,TRUE,"Non-fed","Non-fed mariculture species",0,0,0,0,0.67,4.66096666666667,9.66895844411106,1.91148728365795,2718.43499653158,976.028384478711,0.09212,"FB genus-average",3.02333333333333,"FB genus-average",6.95666666666667,"FB species-average",0.58,"FB species-average",7.6,9,9.64,12.66,20.2,24.73,13.88,17.66,38.39,39.25
"Bivalvia","Mussels","Mytiloida","Mytilidae","Mytilus","Mytilus planulatus","Australian mussel",TRUE,TRUE,"Non-fed","Non-fed mariculture species",0,0,0,0,0.67,4.02,6.18202413796242,2.41013614026437,2718.43499653158,2417.10114540431,0.09212,"FB genus-average",3.02333333333333,"FB genus-average",6,"Gentry et al. 2017",0.46,"Gentry et al. 2017",12.3,21.3,4.64,9.15,19.81,24.66,32.82,34.36,35.55,37.13
"Bivalvia","Mussels","Mytiloida","Mytilidae","Mytilus","Mytilus platensis","River Plata mussel",TRUE,TRUE,"Non-fed","Non-fed mariculture species",0,0,0,0,0.67,6.03,21.0626625397772,1.51871592400221,2718.43499653158,3006.21685909854,0.09212,"FB genus-average",3.02333333333333,"FB genus-average",9,"Gentry et al. 2017",0.73,"Gentry et al. 2017",13.7,20.9,9.11,13.29,17.28,21.49,13.52,20.33,35.47,35.97
"Bivalvia","Mussels","Mytiloida","Mytilidae","Perna","Perna canaliculus","New Zealand mussel",TRUE,TRUE,"Non-fed","Non-fed mariculture species",0,0,0,0,0.67,11.54745,127.455669006518,1.84777104086935,2718.43499653158,5424.63729490036,0.13502,"FB species-average",2.8,"FB species-average",17.235,"FB species-average",0.6,"FB species-average",18.2,18.2,4.27,10.44,17.9,24,33.18,34.36,35.59,36.7
"Bivalvia","Mussels","Mytiloida","Mytilidae","Perna","Perna perna","South American rock mussel",TRUE,TRUE,"Non-fed","Non-fed mariculture species",0,0,0,0,0.67,6.94741272727271,22.3154876995421,2.9350875739441,2718.43499653158,1323.62471075234,0.1280125,"FB species-average",2.6625,"FB species-average",10.3692727272727,"FB species-average",0.377727272727273,"FB species-average",10,30,7.11,10,28,31.59,31.28,33.91,35.9,37.65
"Bivalvia","Mussels","Mytiloida","Mytilidae","Perna","Perna viridis","Green mussel",TRUE,TRUE,"Non-fed","Non-fed mariculture species",0,0,0,0,0.67,7.90769733333331,30.1263197031686,0.90281972680913,2718.43499653158,441.764239402605,0.10777625,"FB species-average",2.72415,"FB species-average",11.8025333333333,"FB species-average",1.228,"FB species-average",23.6,23.6,21.42,24.17,29.42,33.62,28.18,30.56,34.4,37.3
"Bivalvia","Oysters","Ostreoida","Ostreidae","Crassostrea","Crassostrea corteziensis","Cortez oyster",TRUE,FALSE,"Non-fed","Non-fed mariculture species",0,0,0,0,0.67,7.64930625,44.5066790992467,0.67191674213431,2987.00752004112,880.809775386479,0.13801,"FB species-average",2.8389,"FB species-average",11.416875,"FB genus-average",1.65,"FB genus-average",NA,NA,12.16,19.32,27.64,31.84,27.2,30.96,34.08,37.45
"Bivalvia","Oysters","Ostreoida","Ostreidae","Crassostrea","Crassostrea gigas","Pacific cupped oyster",TRUE,TRUE,"Non-fed","Non-fed mariculture species",0,0,0,0,0.67,6.7938,46.2855806811328,0.439945485921274,2987.00752004112,2107.34813241119,0.1914,"FB species-average",2.8644,"FB species-average",10.14,"FB species-average",2.52,"FB species-average",15,30,8.32,13.99,22.2,26.52,28.28,32.24,33.97,34.89
"Bivalvia","Oysters","Ostreoida","Ostreidae","Crassostrea","Crassostrea madrasensis","Indian backwater oyster",TRUE,TRUE,"Non-fed","Non-fed mariculture species",0,0,0,0,0.67,8.9244,112.658692022004,0.920051970557354,2987.00752004112,1048.69272640211,0.3055,"FB species-average",2.7002,"FB species-average",13.32,"FB species-average",1.205,"FB species-average",30,45,26.41,26.96,28.6,32.8,13.31,22.29,35.23,36.41
"Bivalvia","Oysters","Ostreoida","Ostreidae","Crassostrea","Crassostrea rhizophorae","Mangrove cupped oyster",TRUE,TRUE,"Non-fed","Non-fed mariculture species",0,0,0,0,0.67,5.8223,19.8797293594848,0.39737011631599,2987.00752004112,1000,0.1639725,"FB genus-average",2.723375,"FB genus-average",8.69,"FB species-average",2.79,"FB species-average",24.8,24.8,17.03,22.94,28.19,32.39,23.53,33.47,36.45,38.42
"Bivalvia","Oysters","Ostreoida","Ostreidae","Crassostrea","Crassostrea tulipa","Gasar cupped oyster",TRUE,TRUE,"Non-fed","Non-fed mariculture species",0,0,0,0,0.67,10.318,94.4434247088075,0.701685205393425,2987.00752004112,2503.6357904303,0.1639725,"FB genus-average",2.723375,"FB genus-average",15.4,"Gentry et al. 2017",1.58,"Gentry et al. 2017",18,26,21.68,24.32,28.01,32.21,21.03,25.87,34.88,35.83
"Bivalvia","Oysters","Ostreoida","Ostreidae","Crassostrea","Crassostrea virginica","American cupped oyster",TRUE,TRUE,"Non-fed","Non-fed mariculture species",0,0,0,0,0.67,6.08695,1.88347917352309,2.01575022640293,2987.00752004112,1167.95101997355,0.02098,"FB species-average",2.49,"FB species-average",9.085,"FB species-average",0.55,"FB species-average",-1.6,24.3,2.66,8.47,26.95,31.15,18.94,26.85,36.16,38.51
"Bivalvia","Oysters","Ostreoida","Ostreidae","Ostrea","Ostrea chilensis","Chilean flat oyster",TRUE,TRUE,"Non-fed","Non-fed mariculture species",0,0,0,0,0.67,6.7,22.5280950520677,1.09768576685308,2987.00752004112,3000,0.24054125,"FB family-average",2.38663,"FB family-average",10,"Gentry et al. 2017",1.01,"Gentry et al. 2017",14,14,8.07,10.94,17.85,20.6,30,31,35.54,36.25
"Bivalvia","Oysters","Ostreoida","Ostreidae","Ostrea","Ostrea conchaphila","Olympia oyster",FALSE,TRUE,"Non-fed","Non-fed mariculture species",0,0,0,0,0.67,8.375,38.3718567257326,2.35885664791832,2987.00752004112,NA,0.24054125,"FB family-average",2.38663,"FB family-average",12.5,"Gentry et al. 2017",0.47,"Gentry et al. 2017",6,20,23.44,26.04,28.62,32.82,27.94,31.04,33.71,36.28
"Bivalvia","Oysters","Ostreoida","Ostreidae","Ostrea","Ostrea edulis","European flat oyster",TRUE,TRUE,"Non-fed","Non-fed mariculture species",0,0,0,0,0.67,8.04,34.8097422162031,1.09768576685308,2987.00752004112,7398.69069103829,0.24054125,"FB family-average",2.38663,"FB family-average",12,"Gentry et al. 2017",1.01,"Gentry et al. 2017",8.4,11.9,7.51,9.88,17.83,22.15,16.4,33.41,37.15,40
"Bivalvia","Oysters","Ostreoida","Ostreidae","Saccostrea","Saccostrea cucullata","Hooded oyster",TRUE,TRUE,"Non-fed","Non-fed mariculture species",0,0,0,0,0.67,13.4,117.807160522719,0.701685205393425,2987.00752004112,10562.3333333333,0.24054125,"FB family-average",2.38663,"FB family-average",20,"Gentry et al. 2017",1.58,"Gentry et al. 2017",18.7,25.6,10,23.17,29.06,33.26,28.25,33.09,35.88,39.65
"Bivalvia","Oysters","Ostreoida","Ostreidae","Saccostrea","Saccostrea glomerata","Sydney cupped oyster",FALSE,TRUE,"Non-fed","Non-fed mariculture species",0,0,0,0,0.67,15.008,154.396303309248,1.19211034894797,2987.00752004112,NA,0.24054125,"FB family-average",2.38663,"FB family-average",22.4,"Gentry et al. 2017",0.93,"Gentry et al. 2017",10.8,19.7,8.75,15.13,25.45,29.65,32.16,34.67,35.67,36.17
"Bivalvia","Scallops, pectens","Ostreoida","Pectinidae","Aequipecten","Aequipecten opercularis","Queen scallop",TRUE,TRUE,"Non-fed","Non-fed mariculture species",0,0,0,0,0.67,4.60513333333333,14.4360023280827,1.39162672534093,8843.64890861257,5098.53642881557,0.15101,"FB species-average",2.986,"FB species-average",6.87333333333333,"FB species-average",0.796666666666667,"FB species-average",4.9,19.2,5.605,9.5,19.1,24.02,18.1,33.49,37.5,39.31
"Bivalvia","Scallops, pectens","Ostreoida","Pectinidae","Argopecten","Argopecten purpuratus","Peruvian calico scallop",TRUE,TRUE,"Non-fed","Non-fed mariculture species",0,0,0,0,0.67,8.04,81.4033997580591,0.477871820914488,8843.64890861257,10411.4800639186,0.129892,"FB family-average",3.0898,"FB family-average",12,"Gentry et al. 2017",2.32,"Gentry et al. 2017",16,20,11.18,14.43,19.57,23.05,32.63,33.77,34.98,36.09
"Bivalvia","Scallops, pectens","Ostreoida","Pectinidae","Argopecten","Argopecten ventricosus","Pacific calico scallop",FALSE,TRUE,"Non-fed","Non-fed mariculture species",0,0,0,0,0.67,11.725,261.172407292909,1.84777104086935,8843.64890861257,NA,0.129892,"FB family-average",3.0898,"FB family-average",17.5,"Gentry et al. 2017",0.6,"Gentry et al. 2017",20,29,11.02,17.53,28.29,32.49,29.83,31.04,34.74,36.65
"Bivalvia","Scallops, pectens","Ostreoida","Pectinidae","Mimachlamys","Mimachlamys varia","Variegated scallop",TRUE,TRUE,"Non-fed","Non-fed mariculture species",0,0,0,0,0.67,6.03,33.4662333482528,1.94502214828353,8843.64890861257,18796.9379663849,0.129892,"FB family-average",3.0898,"FB family-average",9,"Gentry et al. 2017",0.57,"Gentry et al. 2017",3.5,19.2,-0.77,10.08,20.11,30.14,5.21,32.07,37.97,39.25
"Bivalvia","Scallops, pectens","Ostreoida","Pectinidae","Mizuhopecten","Mizuhopecten yessoensis","Yesso scallop",TRUE,TRUE,"Non-fed","Non-fed mariculture species",0,0,0,0,0.67,8.9445,98.8949693573924,1.19855418867201,8843.64890861257,2146.03461741808,0.14439,"FB species-average",2.98,"FB species-average",13.35,"FB species-average",0.925,"FB species-average",5,23,4.49,6.62,18.84,28.03,29.1,31.6,33.59,35.03
"Bivalvia","Scallops, pectens","Ostreoida","Pectinidae","Nodipecten","Nodipecten subnodosus","Pacific lion's paw",TRUE,TRUE,"Non-fed","Non-fed mariculture species",0,0,0,0,0.67,11.926,275.255529675987,2.01575022640293,8843.64890861257,2998.85,0.129892,"FB family-average",3.0898,"FB family-average",17.8,"Gentry et al. 2017",0.55,"Gentry et al. 2017",15.5,25.1,13.19,18.96,28.6,32.8,29.17,31.06,34.87,37.84
"Bivalvia","Scallops, pectens","Ostreoida","Pectinidae","Pecten","Pecten fumatus","Southern Australia scallop",FALSE,TRUE,"Non-fed","Non-fed mariculture species",0,0,0,0,0.67,5.762,20.8094802204055,0.692914140326007,8843.64890861257,NA,0.10303,"FB genus-average",3.031,"FB genus-average",8.6,"Gentry et al. 2017",1.6,"Gentry et al. 2017",12,21,4.52,14.94,25.12,29.32,34.31,34.81,35.81,36.31
"Bivalvia","Scallops, pectens","Ostreoida","Pectinidae","Pecten","Pecten jacobaeus","Great Mediterranean scallop",TRUE,FALSE,"Non-fed","Non-fed mariculture species",0,0,0,0,0.67,8.550875,68.8474248244047,2.33402657794023,8843.64890861257,15493.8446969697,0.10303,"FB genus-average",3.031,"FB genus-average",12.7625,"FB species-average",0.475,"FB species-average",NA,NA,13,14,19,24.99,35.25,37.06,39.11,39.61
"Bivalvia","Scallops, pectens","Ostreoida","Pectinidae","Pecten","Pecten maximus","Great Atlantic scallop",TRUE,TRUE,"Non-fed","Non-fed mariculture species",0,0,0,0,0.67,8.26445,62.0925080169744,1.98863251035267,8843.64890861257,6959.85858678113,0.10303,"FB species-average",3.031,"FB species-average",12.335,"FB species-average",0.5575,"FB species-average",7.9,15.9,2.74,8.85,12.74,20.35,19.62,33.23,35.25,39.34
"Bivalvia","Clams, cockles, arkshells","Veneroida","Pharidae","Ensis","Ensis ensis","Pod razor shell",TRUE,FALSE,"Non-fed","Non-fed mariculture species",0,0,0,0,0.67,10.0209666666667,8.6643134975026,2.89216336831725,6380.35185795006,32937.3938962087,0.00721,"FB species-average",3.077,"FB species-average",14.9566666666667,"FB genus-average",0.383333333333333,"FB genus-average",NA,NA,6.04,9.65,18.16,27,12,28.7,37.68,39.98
"Bivalvia","Clams, cockles, arkshells","Veneroida","Psammobiidae","Asaphis","Asaphis violascens","Pacific asaphis",TRUE,FALSE,"Non-fed","Non-fed mariculture species",0,0,0,0,0.67,5.45246,4.2359492860979,1.70563480695633,6380.35185795006,3000,0.02155,"FB family-average",3.11366666666667,"FB family-average",8.138,"FB family-average",0.65,"FB family-average",NA,NA,21.47,24.73,29.22,33.42,25.97,32.07,36.19,39.01
"Bivalvia","Clams, cockles, arkshells","Veneroida","Psammobiidae","Soletellina","Soletellina diphos","Diphos sanguin",TRUE,TRUE,"Non-fed","Non-fed mariculture species",0,0,0,0,0.67,8.04,14.1942633412668,1.27432485577197,6380.35185795006,4431.49211604513,0.02155,"FB family-average",3.11366666666667,"FB family-average",12,"Gentry et al. 2017",0.87,"Gentry et al. 2017",21.8,28.3,12.92,21.42,29.19,33.39,30,33.42,34.54,41
"Bivalvia","Pearls, mother-of-pearl, shells","Pterioida","Pteriidae","Pinctada","Pinctada margaritifera","Blacklip pearl oyster",TRUE,FALSE,"Non-fed","Non-fed mariculture species",0,0,0,0,0.67,20.7441571428572,539.877583437036,1.98532575381205,842.850046017596,1098.20009398048,0.10327,"FB genus-average",2.82355,"FB genus-average",30.9614285714286,"FB species-average",0.558428571428571,"FB species-average",NA,NA,19.95,24.65,29.01,33.21,28.81,33.2,36.16,39.65
"Bivalvia","Pearls, mother-of-pearl, shells","Pterioida","Pteriidae","Pteria","Pteria penguin","Penguin wing oyster",TRUE,FALSE,"Non-fed","Non-fed mariculture species",0,0,0,0,0.67,13.86163,172.959312492252,1.91232424254394,842.850046017596,587.499998054712,0.10327,"FB family-average",2.82355,"FB family-average",20.689,"FB family-average",0.579746153846154,"FB family-average",NA,NA,17.99,25.11,29.19,33.39,28.81,32.27,35.36,39.56
"Bivalvia","Clams, cockles, arkshells","Veneroida","Semelidae","Scrobicularia","Scrobicularia plana","Peppery furrow",FALSE,TRUE,"Non-fed","Non-fed mariculture species",0,0,0,0,0.67,11.926,140.410727562078,2.01575022640293,6380.35185795006,NA,0.0776116666666667,"FB family-average",3.026,"FB family-average",17.8,"Gentry et al. 2017",0.55,"Gentry et al. 2017",9.6,12.3,2.74,9.13,18.36,22.07,8.34,33.13,37.49,39.11
"Bivalvia","Clams, cockles, arkshells","Veneroida","Tridacnidae","Hippopus","Hippopus hippopus","Bear paw clam",TRUE,TRUE,"Non-fed","Non-fed mariculture species",0,0,0,0,0.67,19.890625,1234.10734868438,7.39108416347741,6380.35185795006,4600.68287037037,0.11665,"FB family-average",3.09896666666667,"FB family-average",29.6875,"FB species-average",0.15,"FB species-average",24.7,29.2,22.16,25.72,29.44,33.64,25.97,31.93,35.12,36.96
"Bivalvia","Clams, cockles, arkshells","Veneroida","Veneridae","Chamelea","Chamelea gallina","Striped venus",FALSE,TRUE,"Non-fed","Non-fed mariculture species",0,0,0,0,0.67,2.40924555555556,4.18598551524451,2.58195461785341,6380.35185795006,NA,0.388458,"FB species-average",2.7036,"FB species-average",3.59588888888889,"FB species-average",0.429388888888889,"FB species-average",6.5,13.1,0.8,10.22,19.5,26.86,11.29,19.56,37.76,39.25
"Bivalvia","Clams, cockles, arkshells","Veneroida","Veneridae","Cyclina","Cyclina sinensis","Oriental cyclina",TRUE,TRUE,"Non-fed","Non-fed mariculture species",0,0,0,0,0.67,3.35,12.003797443098,1.27432485577197,6380.35185795006,5110.18132513591,0.29659,"FB species-average",3.061,"FB species-average",5,"Gentry et al. 2017",0.87,"Gentry et al. 2017",20,35,8.38,16.45,29.18,33.38,11.83,28.28,33.83,37.87
"Bivalvia","Clams, cockles, arkshells","Veneroida","Veneridae","Leukoma","Leukoma staminea","Pacific littleneck clam",TRUE,TRUE,"Non-fed","Non-fed mariculture species",0,0,0,0,0.67,3.77918413333333,17.0325235478198,5.58923802840813,6380.35185795006,3042,0.298124117647059,"FB species-average",3.0427568627451,"FB species-average",5.64057333333333,"FB species-average",0.198356666666667,"FB species-average",9.2,10.2,4.32,6.87,16.14,23.62,23.93,25.56,33.28,36.88
"Bivalvia","Clams, cockles, arkshells","Veneroida","Veneridae","Mercenaria","Mercenaria mercenaria","Northern quahog(=Hard clam)",TRUE,TRUE,"Non-fed","Non-fed mariculture species",0,0,0,0,0.67,5.4806,11.8011566617777,2.21732524904322,6380.35185795006,2708.32734155958,0.06151,"FB species-average",3.09,"FB species-average",8.18,"FB species-average",0.5,"FB species-average",9.2,24.4,-1.27,9.75,22.69,25.97,19.98,24.88,35.93,36.43
"Bivalvia","Clams, cockles, arkshells","Veneroida","Veneridae","Meretrix","Meretrix lusoria","Japanese hard clam",TRUE,TRUE,"Non-fed","Non-fed mariculture species",0,0,0,0,0.67,3.35,10.3927988957461,2.35885664791832,6380.35185795006,2580.22119507579,0.247299130434783,"FB family-average",3.09213597122302,"FB family-average",5,"Gentry et al. 2017",0.47,"Gentry et al. 2017",5.5,15.9,10.46,18.4,29.18,33.38,29.84,30.82,33.98,35.46
"Bivalvia","Clams, cockles, arkshells","Veneroida","Veneridae","Ruditapes","Ruditapes decussatus","Grooved carpet shell",TRUE,TRUE,"Non-fed","Non-fed mariculture species",0,0,0,0,0.67,3.5242,18.0778866139613,1.96804016187268,6380.35185795006,8256.47502598014,0.19275,"FB species-average",3.605,"FB species-average",5.26,"FB species-average",0.563333333333333,"FB species-average",11.8,11.8,1.525,12.31,21.36,29.085,30.275,34.4,38.86,39.36
"Bivalvia","Clams, cockles, arkshells","Veneroida","Veneridae","Ruditapes","Ruditapes philippinarum","Japanese carpet shell",TRUE,TRUE,"Non-fed","Non-fed mariculture species",0,0,0,0,0.67,3.7118,13.1739317139904,2.45028891823316,6380.35185795006,1629.51911928815,0.236091282051282,"FB species-average",3.06650769230769,"FB species-average",5.54,"FB species-average",0.452462,"FB species-average",10.2,24.7,9.15,16.91,29.07,33.27,28.81,30.62,34.4,36.92
"Bivalvia","Clams, cockles, arkshells","Veneroida","Veneridae","Saxidomus","Saxidomus gigantea","Butter clam",TRUE,TRUE,"Non-fed","Non-fed mariculture species",0,0,0,0,0.67,8.71,197.095806519454,2.35885664791832,6380.35185795006,2269.28594848933,0.202532142857143,"FB species-average",3.17885714285714,"FB species-average",13,"Gentry et al. 2017",0.47,"Gentry et al. 2017",9,11.8,0,2,12.07,12.695,22.9,24,32.18,33.115
"Bivalvia","Clams, cockles, arkshells","Veneroida","Veneridae","Venerupis","Venerupis corrugata","Pullet carpet shell",TRUE,TRUE,"Non-fed","Non-fed mariculture species",0,0,0,0,0.67,3.35,6.42608067914816,2.35885664791832,6380.35185795006,13939.6651571513,0.08166,"FB genus-average",3.611,"FB genus-average",5,"Gentry et al. 2017",0.47,"Gentry et al. 2017",10.3,12.3,5.87,9.75,19.17,27.21,16.49,31.22,36.47,39.1
"Bivalvia","Clams, cockles, arkshells","Veneroida","Veneridae","Venerupis","Venerupis rhomboides","Banded carpet shell",FALSE,TRUE,"Non-fed","Non-fed mariculture species",0,0,0,0,0.67,3.015,4.39254152077286,2.01575022640293,6380.35185795006,NA,0.08166,"FB species-average",3.611,"FB species-average",4.5,"Gentry et al. 2017",0.55,"Gentry et al. 2017",7.2,10,10.12,10.83,14.07,16.03,27.92,30.97,35.05,38.97
"Bivalvia","Clams, cockles, arkshells","Veneroida","Veneridae","Venus","Venus verrucosa","Warty venus",TRUE,TRUE,"Non-fed","Non-fed mariculture species",0,0,0,0,0.67,3.84245,11.3744830877882,5.00524886917206,6380.35185795006,19031.1814913723,0.1394,"FB species-average",3.27,"FB species-average",5.735,"FB species-average",0.2215,"FB species-average",9.6,15.9,1.93,12,21.36,29.13,31.175,34.4,38.62,39.12
